{"axioms":["propext","Classical.choice","Quot.sound"],"declaration":"FindimCounterexample.SelectionFinite.finitelyPresented","module":"FindimCounterexample.SelectionPresentation","theorem":true}
{"axioms":["propext","Quot.sound"],"declaration":"FindimCounterexample.RingDual.leftMap._proof_2","module":"FindimCounterexample.Duality","theorem":true}
{"axioms":["propext","Classical.choice","Quot.sound"],"declaration":"FindimCounterexample.Stage4a.Toda.bracket","module":"FindimCounterexample.Stage4aToda","theorem":false}
{"axioms":["propext","Classical.choice","Quot.sound"],"declaration":"FindimCounterexample.Stage4a.PolynomialSelfExtensions.leftMulTau._proof_3","module":"FindimCounterexample.Stage4aInterface","theorem":true}
{"axioms":["propext","Classical.choice","Quot.sound"],"declaration":"FindimCounterexample.MatrixTransvections.e_injective","module":"FindimCounterexample.MatrixTransvections","theorem":true}
{"axioms":[],"declaration":"FindimCounterexample.SelectionGroup.Root.noConfusionType","module":"FindimCounterexample.SelectionGroup","theorem":false}
{"axioms":["propext","Classical.choice","Quot.sound"],"declaration":"FindimCounterexample.FiniteQuotientRing.natDegree","module":"FindimCounterexample.FiniteQuotientRing","theorem":true}
{"axioms":[],"declaration":"FindimCounterexample.SelectionGroup.Root.w.sizeOf_spec","module":"FindimCounterexample.SelectionGroup","theorem":true}
{"axioms":["propext","Classical.choice","Quot.sound"],"declaration":"FindimCounterexample.FiniteQuotientRing.eq_zero_of_bounded_sum._proof_1_4","module":"FindimCounterexample.FiniteQuotientSeparation","theorem":true}
{"axioms":[],"declaration":"FindimCounterexample.SelectionFinite.RelatorIndex.wv_transfer","module":"FindimCounterexample.SelectionFinitePresentation","theorem":false}
{"axioms":["propext","Classical.choice","Quot.sound"],"declaration":"FindimCounterexample.Stage4a.shiftHomEquiv._proof_2","module":"FindimCounterexample.Stage4aShift","theorem":true}
{"axioms":["propext","Quot.sound"],"declaration":"FindimCounterexample.RingDual.coordinate._proof_1","module":"FindimCounterexample.Duality","theorem":true}
{"axioms":["propext","Quot.sound"],"declaration":"FindimCounterexample.FiniteQuotients.zero_ne_middle","module":"FindimCounterexample.FiniteQuotients","theorem":true}
{"axioms":["propext","Classical.choice","Quot.sound"],"declaration":"FindimCounterexample.MatrixTransvections.eHom_injective","module":"FindimCounterexample.MatrixTransvections","theorem":true}
{"axioms":["propext","Classical.choice","Quot.sound"],"declaration":"FindimCounterexample.MatrixTransvections.e._proof_1","module":"FindimCounterexample.MatrixTransvections","theorem":true}
{"axioms":["propext","Quot.sound"],"declaration":"FindimCounterexample.RingDual.rightMap._proof_2","module":"FindimCounterexample.Duality","theorem":true}
{"axioms":["propext","Classical.choice","Quot.sound"],"declaration":"FindimCounterexample.ProjectiveCoresolution.π","module":"FindimCounterexample.Coresolution","theorem":false}
{"axioms":["propext","Classical.choice","Quot.sound"],"declaration":"FindimCounterexample.SelectionGroup.v_commute_z","module":"FindimCounterexample.SelectionCentral","theorem":true}
{"axioms":["propext","Classical.choice","Quot.sound"],"declaration":"FindimCounterexample.Stage3cKaroubi.shiftToKaroubiIso_inv_naturality","module":"FindimCounterexample.Stage3cKaroubi","theorem":true}
{"axioms":["propext","Classical.choice","Quot.sound"],"declaration":"FindimCounterexample.Stage4aRank.hom_injective_of_boundary_zero","module":"FindimCounterexample.Stage4aRank","theorem":true}
{"axioms":[],"declaration":"FindimCounterexample.SelectionGroup.instDecidableEqRoot.decEq._proof_7","module":"FindimCounterexample.SelectionGroup","theorem":true}
{"axioms":["propext","Classical.choice","Quot.sound"],"declaration":"FindimCounterexample.FiniteQuotientRing.t._proof_2","module":"FindimCounterexample.FiniteQuotientRing","theorem":true}
{"axioms":["propext","Classical.choice","Quot.sound"],"declaration":"FindimCounterexample.SelectionFinite.family_uw","module":"FindimCounterexample.SelectionFiniteRelations","theorem":true}
{"axioms":[],"declaration":"FindimCounterexample.SelectionGroup.Generator.noConfusionType","module":"FindimCounterexample.SelectionGroup","theorem":false}
{"axioms":["propext","Classical.choice","Quot.sound"],"declaration":"FindimCounterexample.FiniteQuotientRing.tPow.congr_simp","module":"FindimCounterexample.FiniteQuotientRing","theorem":true}
{"axioms":["propext"],"declaration":"FindimCounterexample.Stage4a.PolynomialSelfExtensions.tau._proof_1","module":"FindimCounterexample.Stage4aInterface","theorem":true}
{"axioms":["propext","Quot.sound"],"declaration":"FindimCounterexample.Transpose.presentationCokernelEquivSyzygy._proof_4","module":"FindimCounterexample.Transpose","theorem":true}
{"axioms":[],"declaration":"_private.FindimCounterexample.SelectionFinitePresentation.0.FindimCounterexample.SelectionFinite.instFintypeRelatorIndex.match_5.eq_7","module":"FindimCounterexample.SelectionFinitePresentation","theorem":true}
{"axioms":["propext","Quot.sound"],"declaration":"FindimCounterexample.RingDual.eval._proof_3","module":"FindimCounterexample.Duality","theorem":true}
{"axioms":[],"declaration":"FindimCounterexample.SelectionFinite.RelatorIndex","module":"FindimCounterexample.SelectionFinitePresentation","theorem":false}
{"axioms":["propext","Classical.choice","Quot.sound"],"declaration":"FindimCounterexample.RingDual.evalEquiv","module":"FindimCounterexample.Duality","theorem":false}
{"axioms":["propext","Classical.choice","Quot.sound"],"declaration":"FindimCounterexample.Stage3cKaroubi.shift_map_f","module":"FindimCounterexample.Stage3cKaroubi","theorem":true}
{"axioms":["propext","Classical.choice","Quot.sound"],"declaration":"FindimCounterexample.Stage3cOddDouble.complementDecomposition.eq_1","module":"FindimCounterexample.Stage3cOddDouble","theorem":true}
{"axioms":["propext","Classical.choice","Quot.sound"],"declaration":"FindimCounterexample.SelectionGroup.wv_transfer","module":"FindimCounterexample.SelectionGroup","theorem":true}
{"axioms":["propext","Classical.choice","Quot.sound"],"declaration":"FindimCounterexample.SelectionFinite.toG_comp_fromG","module":"FindimCounterexample.SelectionPresentation","theorem":true}
{"axioms":["propext","Classical.choice","Quot.sound"],"declaration":"FindimCounterexample.Stage4a.Toda.bracket_eq_coset._abel_1_1","module":"FindimCounterexample.Stage4aToda","theorem":true}
{"axioms":["propext","Classical.choice","Quot.sound"],"declaration":"FindimCounterexample.Stage3cOddDouble.shiftedDecomposition","module":"FindimCounterexample.Stage3cOddDouble","theorem":false}
{"axioms":["propext","Classical.choice","Quot.sound"],"declaration":"FindimCounterexample.Transpose.presentationCokernelEquivSyzygy._proof_8","module":"FindimCounterexample.Transpose","theorem":true}
{"axioms":["propext","Classical.choice","Quot.sound"],"declaration":"FindimCounterexample.RingDual.rightDual_projective","module":"FindimCounterexample.Duality","theorem":true}
{"axioms":["propext","Quot.sound"],"declaration":"FindimCounterexample.RingDual.eval._proof_4","module":"FindimCounterexample.Duality","theorem":true}
{"axioms":["propext","Classical.choice","Quot.sound"],"declaration":"FindimCounterexample.ProjectiveCoresolution.hasProjectiveDimensionLE","module":"FindimCounterexample.Coresolution","theorem":true}
{"axioms":[],"declaration":"FindimCounterexample.StrongNakayama.dualObjects._proof_1","module":"FindimCounterexample.StrongNakayama","theorem":true}
{"axioms":["propext","Classical.choice","Quot.sound"],"declaration":"FindimCounterexample.SelectionFinite.root0","module":"FindimCounterexample.SelectionFinitePresentation","theorem":false}
{"axioms":["propext","Classical.choice","Quot.sound"],"declaration":"FindimCounterexample.StrongNakayama.cok_finite","module":"FindimCounterexample.StrongNakayama","theorem":true}
{"axioms":["propext","Classical.choice","Quot.sound"],"declaration":"FindimCounterexample.FiniteQuotients.pi_z","module":"FindimCounterexample.FiniteQuotients","theorem":true}
{"axioms":[],"declaration":"FindimCounterexample.SelectionGroup.Pair","module":"FindimCounterexample.SelectionGroup","theorem":false}
{"axioms":["propext","Classical.choice","Quot.sound"],"declaration":"FindimCounterexample.ExactCoresolution.shortExact","module":"FindimCounterexample.ExactCoresolution","theorem":true}
{"axioms":[],"declaration":"FindimCounterexample.SelectionGroup.Generator.recOn","module":"FindimCounterexample.SelectionGroup","theorem":false}
{"axioms":["propext","Classical.choice","Quot.sound"],"declaration":"FindimCounterexample.FiniteQuotients.coordinates_injective","module":"FindimCounterexample.FiniteQuotientCenter","theorem":true}
{"axioms":["propext","Quot.sound"],"declaration":"FindimCounterexample.Stage4a.PolynomialSelfExtensions.rightMulTau._proof_1","module":"FindimCounterexample.Stage4aInterface","theorem":true}
{"axioms":["propext","Classical.choice","Quot.sound"],"declaration":"FindimCounterexample.SelectionGroup.S.eq_1","module":"FindimCounterexample.SelectionGroup","theorem":true}
{"axioms":["propext","Classical.choice","Quot.sound"],"declaration":"FindimCounterexample.FiniteQuotients.root_wv","module":"FindimCounterexample.FiniteQuotients","theorem":true}
{"axioms":["propext","Classical.choice","Quot.sound"],"declaration":"FindimCounterexample.SelectionGroup.beta._proof_1","module":"FindimCounterexample.SelectionShift","theorem":true}
{"axioms":["propext","Quot.sound"],"declaration":"FindimCounterexample.ModuleResolution.complex._proof_1","module":"FindimCounterexample.ModuleResolution","theorem":true}
{"axioms":["propext","Quot.sound"],"declaration":"FindimCounterexample.Stage4a.Cone.oneCone_i_bijective._proof_1_5","module":"FindimCounterexample.Stage4aCone","theorem":true}
{"axioms":[],"declaration":"FindimCounterexample.SelectionFinite.RelatorIndex.wv_transfer.sizeOf_spec","module":"FindimCounterexample.SelectionFinitePresentation","theorem":true}
{"axioms":["propext","Classical.choice","Quot.sound"],"declaration":"FindimCounterexample.SelectionGroup.directSumEquiv_single","module":"FindimCounterexample.SelectionIndependence","theorem":true}
{"axioms":["propext","Quot.sound"],"declaration":"FindimCounterexample.Stage3cKaroubi.lift_exact","module":"FindimCounterexample.Stage3cKaroubi","theorem":true}
{"axioms":[],"declaration":"FindimCounterexample.SelectionFinite.RelatorIndex.uu.noConfusion","module":"FindimCounterexample.SelectionFinitePresentation","theorem":false}
{"axioms":["propext","Classical.choice","Quot.sound"],"declaration":"FindimCounterexample.ModuleResolution.augmentation_comp","module":"FindimCounterexample.ModuleResolution","theorem":true}
{"axioms":["propext","Quot.sound"],"declaration":"FindimCounterexample.Stage4a.Cone.oneCone_i_bijective._proof_1_3","module":"FindimCounterexample.Stage4aCone","theorem":true}
{"axioms":["propext","Classical.choice","Quot.sound"],"declaration":"FindimCounterexample.SelectionFinite.torus_u0","module":"FindimCounterexample.SelectionFinitePresentation","theorem":true}
{"axioms":[],"declaration":"FindimCounterexample.SelectionGroup.instDecidableEqRoot.decEq._proof_12","module":"FindimCounterexample.SelectionGroup","theorem":true}
{"axioms":[],"declaration":"_private.FindimCounterexample.SelectionFinitePresentation.0.FindimCounterexample.SelectionFinite.instFintypeRelatorIndex.match_5.eq_5","module":"FindimCounterexample.SelectionFinitePresentation","theorem":true}
{"axioms":["propext","Quot.sound"],"declaration":"FindimCounterexample.FiniteQuotients.middle.eq_1","module":"FindimCounterexample.FiniteQuotients","theorem":true}
{"axioms":[],"declaration":"FindimCounterexample.SelectionFinite.instFintypeRelatorIndex.match_3","module":"FindimCounterexample.SelectionFinitePresentation","theorem":false}
{"axioms":["propext","Classical.choice","Quot.sound"],"declaration":"_private.FindimCounterexample.SelectionIndependence.0.FindimCounterexample.SelectionGroup.pi_cyclic","module":"FindimCounterexample.SelectionIndependence","theorem":true}
{"axioms":["propext","Classical.choice","Quot.sound"],"declaration":"FindimCounterexample.Stage4a.TateDuality.shift_linear","module":"FindimCounterexample.Stage4aInterface","theorem":true}
{"axioms":["propext","Classical.choice","Quot.sound"],"declaration":"FindimCounterexample.Stage4a.PolynomialSelfExtensions","module":"FindimCounterexample.Stage4aInterface","theorem":false}
{"axioms":[],"declaration":"FindimCounterexample.SelectionFinite.RelatorIndex.vv.elim","module":"FindimCounterexample.SelectionFinitePresentation","theorem":false}
{"axioms":["propext","Classical.choice","Quot.sound"],"declaration":"FindimCounterexample.ProjectiveCoresolution.projectiveDimension_eq","module":"FindimCounterexample.Coresolution","theorem":true}
{"axioms":["propext","Quot.sound"],"declaration":"FindimCounterexample.StrongNakayama.homRightDualEquiv","module":"FindimCounterexample.StrongNakayamaExt","theorem":false}
{"axioms":["propext","Quot.sound"],"declaration":"FindimCounterexample.ModuleResolution.homDifferential","module":"FindimCounterexample.ModuleResolutionExt","theorem":false}
{"axioms":["propext"],"declaration":"FindimCounterexample.SelectionGroup.Root.v.injEq","module":"FindimCounterexample.SelectionGroup","theorem":true}
{"axioms":["propext","Classical.choice","Quot.sound"],"declaration":"FindimCounterexample.SelectionGroup.coefficientSum","module":"FindimCounterexample.SelectionIndependence","theorem":false}
{"axioms":[],"declaration":"FindimCounterexample.SelectionGroup.generatorMap","module":"FindimCounterexample.SelectionGroup","theorem":false}
{"axioms":[],"declaration":"_private.FindimCounterexample.SelectionPresentation.0.FindimCounterexample.SelectionFinite.generatorToG.match_1.splitter","module":"FindimCounterexample.SelectionPresentation","theorem":false}
{"axioms":["propext","Classical.choice","Quot.sound"],"declaration":"FindimCounterexample.FiniteQuotientRing.t._proof_1","module":"FindimCounterexample.FiniteQuotientRing","theorem":true}
{"axioms":["propext","Classical.choice","Quot.sound"],"declaration":"FindimCounterexample.SelectionGroup.cyclic._proof_1","module":"FindimCounterexample.SelectionDirectSum","theorem":true}
{"axioms":["propext"],"declaration":"FindimCounterexample.SelectionGroup.z._proof_1","module":"FindimCounterexample.SelectionCentral","theorem":true}
{"axioms":["propext","Classical.choice","Quot.sound"],"declaration":"FindimCounterexample.SelectionGroup.alpha","module":"FindimCounterexample.SelectionShift","theorem":false}
{"axioms":[],"declaration":"FindimCounterexample.SelectionGroup.instDecidableEqGenerator.decEq._proof_7","module":"FindimCounterexample.SelectionGroup","theorem":true}
{"axioms":[],"declaration":"FindimCounterexample.SelectionGroup.Generator.torus.sizeOf_spec","module":"FindimCounterexample.SelectionGroup","theorem":true}
{"axioms":["propext","Classical.choice","Quot.sound"],"declaration":"FindimCounterexample.Stage4a.HigherObstruction.polynomial_low_degree","module":"FindimCounterexample.Stage4aHigherObstruction","theorem":true}
{"axioms":["propext","Quot.sound"],"declaration":"FindimCounterexample.SelectionFinite.relationWord","module":"FindimCounterexample.SelectionFinitePresentation","theorem":false}
{"axioms":["propext","Classical.choice","Quot.sound"],"declaration":"FindimCounterexample.SelectionGroup.beta","module":"FindimCounterexample.SelectionShift","theorem":false}
{"axioms":["propext","Classical.choice","Quot.sound"],"declaration":"FindimCounterexample.Stage3cKaroubi.shift_obj_p","module":"FindimCounterexample.Stage3cKaroubi","theorem":true}
{"axioms":["propext","Classical.choice","Quot.sound"],"declaration":"FindimCounterexample.Stage4a.TateDuality.subsingleton_complement","module":"FindimCounterexample.Stage4aInterface","theorem":true}
{"axioms":[],"declaration":"FindimCounterexample.SelectionGroup.instDecidableEqRoot.decEq._proof_10","module":"FindimCounterexample.SelectionGroup","theorem":true}
{"axioms":["propext","Classical.choice","Quot.sound"],"declaration":"FindimCounterexample.FiniteQuotients.F","module":"FindimCounterexample.FiniteQuotients","theorem":false}
{"axioms":["propext","Quot.sound"],"declaration":"FindimCounterexample.RingDual.rightMap._proof_3","module":"FindimCounterexample.Duality","theorem":true}
{"axioms":[],"declaration":"_private.FindimCounterexample.SelectionFinitePresentation.0.FindimCounterexample.SelectionFinite.instFintypeRelatorIndex.match_5.eq_6","module":"FindimCounterexample.SelectionFinitePresentation","theorem":true}
{"axioms":["propext"],"declaration":"FindimCounterexample.SelectionFinite.RelatorIndex.torus.injEq","module":"FindimCounterexample.SelectionFinitePresentation","theorem":true}
{"axioms":["propext","Classical.choice","Quot.sound"],"declaration":"FindimCounterexample.ModuleResolution.projectiveResolution","module":"FindimCounterexample.ModuleResolution","theorem":false}
{"axioms":["propext","Classical.choice","Quot.sound"],"declaration":"FindimCounterexample.FiniteQuotients.rootImage","module":"FindimCounterexample.FiniteQuotients","theorem":false}
{"axioms":["propext","Classical.choice","Quot.sound"],"declaration":"FindimCounterexample.ProjectiveCoresolution.c","module":"FindimCounterexample.Coresolution","theorem":false}
{"axioms":["propext"],"declaration":"FindimCounterexample.SelectionCommutator.commutator_sq_eq_one","module":"FindimCounterexample.SelectionCommutator","theorem":true}
{"axioms":["propext","Classical.choice","Quot.sound"],"declaration":"FindimCounterexample.Stage3cOddDouble.complementDecomposition","module":"FindimCounterexample.Stage3cOddDouble","theorem":false}
{"axioms":["propext","Classical.choice","Quot.sound"],"declaration":"FindimCounterexample.Stage4a.one_factor_rank","module":"FindimCounterexample.Stage4aOneFactor","theorem":true}
{"axioms":["propext"],"declaration":"FindimCounterexample.SelectionFinite.RelatorIndex.involution.injEq","module":"FindimCounterexample.SelectionFinitePresentation","theorem":true}
{"axioms":["propext","Classical.choice","Quot.sound"],"declaration":"FindimCounterexample.Stage4a.PolynomialSelfExtensions.noConfusion","module":"FindimCounterexample.Stage4aInterface","theorem":false}
{"axioms":["propext","Quot.sound"],"declaration":"FindimCounterexample.Stage4a.HigherObstruction.polynomial_toda_eq_zero_gt_three._proof_1_6","module":"FindimCounterexample.Stage4aHigherObstruction","theorem":true}
{"axioms":["propext","Classical.choice","Quot.sound"],"declaration":"_private.FindimCounterexample.SelectionGroup.0.FindimCounterexample.SelectionGroup.relator_eq_one","module":"FindimCounterexample.SelectionGroup","theorem":true}
{"axioms":["propext","Classical.choice","Quot.sound"],"declaration":"FindimCounterexample.ModuleResolution.augmentation.congr_simp","module":"FindimCounterexample.ModuleResolution","theorem":true}
{"axioms":["propext","Classical.choice","Quot.sound"],"declaration":"FindimCounterexample.Stage4a.Toda.bracket_eq_coset","module":"FindimCounterexample.Stage4aToda","theorem":true}
{"axioms":["propext","Classical.choice","Quot.sound"],"declaration":"FindimCounterexample.Stage4a.TateDuality.recOn","module":"FindimCounterexample.Stage4aInterface","theorem":false}
{"axioms":["propext","Classical.choice","Quot.sound"],"declaration":"FindimCounterexample.SelectionGroup.centralProduct_single_one","module":"FindimCounterexample.SelectionDirectSum","theorem":true}
{"axioms":["propext","Classical.choice","Quot.sound"],"declaration":"FindimCounterexample.ModuleResolution.projectiveResolution.eq_1","module":"FindimCounterexample.ModuleResolutionExt","theorem":true}
{"axioms":["propext","Classical.choice","Quot.sound"],"declaration":"FindimCounterexample.FiniteQuotientRing.linearIndependent_tPow._simp_1_1","module":"FindimCounterexample.FiniteQuotientRing","theorem":true}
{"axioms":["propext","Classical.choice","Quot.sound"],"declaration":"FindimCounterexample.FiniteQuotients.root_vv","module":"FindimCounterexample.FiniteQuotients","theorem":true}
{"axioms":["propext","Classical.choice","Quot.sound"],"declaration":"FindimCounterexample.SelectionGroup.T.eq_1","module":"FindimCounterexample.SelectionGroup","theorem":true}
{"axioms":["propext","Classical.choice","Quot.sound"],"declaration":"FindimCounterexample.SelectionGroup.beta_T","module":"FindimCounterexample.SelectionShift","theorem":true}
{"axioms":["propext","Classical.choice","Quot.sound"],"declaration":"FindimCounterexample.FiniteQuotientRing.root_pow","module":"FindimCounterexample.FiniteQuotientRing","theorem":true}
{"axioms":["propext","Classical.choice","Quot.sound"],"declaration":"FindimCounterexample.Stage3cKaroubi.shift_obj_X","module":"FindimCounterexample.Stage3cKaroubi","theorem":true}
{"axioms":["propext","Quot.sound"],"declaration":"FindimCounterexample.Stage4a.Cone.oneCone_pi_bijective._proof_1_2","module":"FindimCounterexample.Stage4aCone","theorem":true}
{"axioms":["propext","Classical.choice","Quot.sound"],"declaration":"FindimCounterexample.SelectionGroup.torus_commute_z","module":"FindimCounterexample.SelectionCentral","theorem":true}
{"axioms":["propext"],"declaration":"FindimCounterexample.SelectionGroup.Root.u.injEq","module":"FindimCounterexample.SelectionGroup","theorem":true}
{"axioms":[],"declaration":"FindimCounterexample.SelectionGroup.Root.w","module":"FindimCounterexample.SelectionGroup","theorem":false}
{"axioms":["propext","Classical.choice","Quot.sound"],"declaration":"FindimCounterexample.SelectionGroup.commutator_convention","module":"FindimCounterexample.SelectionGroup","theorem":true}
{"axioms":["propext","Quot.sound"],"declaration":"FindimCounterexample.RingDual.eval_bijective_of_split","module":"FindimCounterexample.Duality","theorem":true}
{"axioms":["propext","Classical.choice","Quot.sound"],"declaration":"FindimCounterexample.SelectionGroup.centralProduct","module":"FindimCounterexample.SelectionDirectSum","theorem":false}
{"axioms":["propext","Quot.sound"],"declaration":"FindimCounterexample.Stage4a.Cone.connecting_bijective_of_zeros._simp_1_1","module":"FindimCounterexample.Stage4aCone","theorem":true}
{"axioms":["propext","Classical.choice","Quot.sound"],"declaration":"FindimCounterexample.Stage4a.PolynomialSelfExtensions.right_mul_tau_bijective","module":"FindimCounterexample.Stage4aInterface","theorem":true}
{"axioms":["propext","Quot.sound"],"declaration":"FindimCounterexample.FiniteQuotients.middle_ne_zero","module":"FindimCounterexample.FiniteQuotients","theorem":true}
{"axioms":["propext","Classical.choice","Quot.sound"],"declaration":"FindimCounterexample.FiniteQuotients.Z","module":"FindimCounterexample.FiniteQuotientCenter","theorem":false}
{"axioms":["propext","Classical.choice","Quot.sound"],"declaration":"FindimCounterexample.SelectionGroup.coefficientSum_single","module":"FindimCounterexample.SelectionIndependence","theorem":true}
{"axioms":["propext","Quot.sound"],"declaration":"FindimCounterexample.RingDual.leftMap","module":"FindimCounterexample.Duality","theorem":false}
{"axioms":["propext","Classical.choice","Quot.sound"],"declaration":"FindimCounterexample.SelectionFinite.family_wu","module":"FindimCounterexample.SelectionFiniteRelations","theorem":true}
{"axioms":[],"declaration":"FindimCounterexample.SelectionFinite.Word.V0","module":"FindimCounterexample.SelectionFinitePresentation","theorem":false}
{"axioms":["propext","Quot.sound"],"declaration":"FindimCounterexample.SelectionGroup.weight.eq_3","module":"FindimCounterexample.SelectionCentral","theorem":true}
{"axioms":["propext","Classical.choice","Quot.sound"],"declaration":"FindimCounterexample.Stage4a.Cone.homMap","module":"FindimCounterexample.Stage4aCone","theorem":false}
{"axioms":["propext","Classical.choice","Quot.sound"],"declaration":"FindimCounterexample.SelectionFinite.generatorToG","module":"FindimCounterexample.SelectionPresentation","theorem":false}
{"axioms":["propext","Quot.sound"],"declaration":"FindimCounterexample.SelectionFinite.relationWord.eq_2","module":"FindimCounterexample.SelectionFinitePresentation","theorem":true}
{"axioms":["propext","Quot.sound"],"declaration":"FindimCounterexample.Stage4a.PolynomialSelfExtensions.leftMulTau._proof_2","module":"FindimCounterexample.Stage4aInterface","theorem":true}
{"axioms":["propext","Classical.choice","Quot.sound"],"declaration":"FindimCounterexample.ProjectiveCoresolution.mk.sizeOf_spec","module":"FindimCounterexample.Coresolution","theorem":true}
{"axioms":["propext","Classical.choice","Quot.sound"],"declaration":"FindimCounterexample.MatrixTransvections.diag._proof_1","module":"FindimCounterexample.MatrixTransvections","theorem":true}
{"axioms":["propext"],"declaration":"FindimCounterexample.SelectionGroup.lift._simp_4","module":"FindimCounterexample.SelectionGroup","theorem":true}
{"axioms":[],"declaration":"_private.FindimCounterexample.SelectionFinitePresentation.0.FindimCounterexample.SelectionFinite.instFintypeRelatorIndex.match_5.eq_11","module":"FindimCounterexample.SelectionFinitePresentation","theorem":true}
{"axioms":[],"declaration":"FindimCounterexample.SelectionGroup.Generator.torus","module":"FindimCounterexample.SelectionGroup","theorem":false}
{"axioms":["propext","Classical.choice","Quot.sound"],"declaration":"FindimCounterexample.SelectionFinite.torus_w_third","module":"FindimCounterexample.SelectionFinitePresentation","theorem":true}
{"axioms":["propext","Classical.choice","Quot.sound"],"declaration":"FindimCounterexample.Stage4a.Toda.DefiningSystem.mk.sizeOf_spec","module":"FindimCounterexample.Stage4aToda","theorem":true}
{"axioms":["propext","Classical.choice","Quot.sound"],"declaration":"FindimCounterexample.FiniteQuotientRing.tPow_zero","module":"FindimCounterexample.FiniteQuotientRing","theorem":true}
{"axioms":["propext","Classical.choice","Quot.sound"],"declaration":"FindimCounterexample.FiniteQuotients.D_conjugate","module":"FindimCounterexample.FiniteQuotients","theorem":true}
{"axioms":["propext","Classical.choice","Quot.sound"],"declaration":"FindimCounterexample.ModuleResolution.ext_vanishing_iff","module":"FindimCounterexample.ModuleResolutionExt","theorem":true}
{"axioms":["propext","Classical.choice","Quot.sound"],"declaration":"FindimCounterexample.Stage4a.Toda.indeterminacy._proof_3","module":"FindimCounterexample.Stage4aToda","theorem":true}
{"axioms":["propext","Classical.choice","Quot.sound"],"declaration":"FindimCounterexample.ProjectiveCoresolution.rec","module":"FindimCounterexample.Coresolution","theorem":false}
{"axioms":["propext","Classical.choice","Quot.sound"],"declaration":"FindimCounterexample.Stage3cConeSplitting.nonempty_iso_of_complementary_retracts","module":"FindimCounterexample.Stage3cConeSplitting","theorem":true}
{"axioms":["propext","Quot.sound"],"declaration":"FindimCounterexample.RingDual.rightMap._proof_4","module":"FindimCounterexample.Duality","theorem":true}
{"axioms":["propext","Classical.choice","Quot.sound"],"declaration":"FindimCounterexample.Stage3cKaroubi.shiftToKaroubiIso_naturality","module":"FindimCounterexample.Stage3cKaroubi","theorem":true}
{"axioms":["propext","Classical.choice","Quot.sound"],"declaration":"FindimCounterexample.Stage4a.PolynomialSelfExtensions.finrank_of_dvd","module":"FindimCounterexample.Stage4aInterface","theorem":true}
{"axioms":[],"declaration":"FindimCounterexample.SelectionGroup.Generator.torus.elim","module":"FindimCounterexample.SelectionGroup","theorem":false}
{"axioms":["propext","Classical.choice","Quot.sound"],"declaration":"FindimCounterexample.SelectionGroup.centralSum","module":"FindimCounterexample.SelectionDirectSum","theorem":false}
{"axioms":["propext","Classical.choice","Quot.sound"],"declaration":"FindimCounterexample.Stage3cKaroubi.shift","module":"FindimCounterexample.Stage3cKaroubi","theorem":false}
{"axioms":["propext","Classical.choice","Quot.sound"],"declaration":"FindimCounterexample.SelectionGroup.shiftHom_zero","module":"FindimCounterexample.SelectionShift","theorem":true}
{"axioms":["propext","Classical.choice","Quot.sound"],"declaration":"FindimCounterexample.Stage4aRank.homBiprodEquiv._proof_2","module":"FindimCounterexample.Stage4aRank","theorem":true}
{"axioms":[],"declaration":"FindimCounterexample.SelectionGroup.instDecidableEqRoot.decEq._proof_9","module":"FindimCounterexample.SelectionGroup","theorem":true}
{"axioms":[],"declaration":"FindimCounterexample.SelectionGroup.Root._sizeOf_inst","module":"FindimCounterexample.SelectionGroup","theorem":false}
{"axioms":["propext","Quot.sound"],"declaration":"FindimCounterexample.Stage4a.HigherObstruction.polynomial_toda_eq_zero_gt_three._proof_1","module":"FindimCounterexample.Stage4aHigherObstruction","theorem":true}
{"axioms":[],"declaration":"_private.FindimCounterexample.SelectionShift.0.FindimCounterexample.SelectionGroup.shifted.match_1.eq_2","module":"FindimCounterexample.SelectionShift","theorem":true}
{"axioms":[],"declaration":"FindimCounterexample.SelectionFinite.RelatorIndex.wu.noConfusion","module":"FindimCounterexample.SelectionFinitePresentation","theorem":false}
{"axioms":["propext","Classical.choice","Quot.sound"],"declaration":"FindimCounterexample.Stage3cConeSplitting.coneSplittingIso._proof_2","module":"FindimCounterexample.Stage3cConeSplitting","theorem":true}
{"axioms":["propext","Classical.choice","Quot.sound"],"declaration":"FindimCounterexample.FiniteQuotients.centerEquiv_generator","module":"FindimCounterexample.FiniteQuotientCenter","theorem":true}
{"axioms":["propext","Quot.sound"],"declaration":"FindimCounterexample.Stage4a.PolynomialSelfExtensions.right_mul_tau_bijective_negative._proof_1_2","module":"FindimCounterexample.Stage4aInterface","theorem":true}
{"axioms":[],"declaration":"FindimCounterexample.SelectionFinite.RelatorIndex.involution.sizeOf_spec","module":"FindimCounterexample.SelectionFinitePresentation","theorem":true}
{"axioms":["propext","Classical.choice","Quot.sound"],"declaration":"FindimCounterexample.FiniteQuotients.Z_le_center","module":"FindimCounterexample.FiniteQuotientCenter","theorem":true}
{"axioms":["propext","Classical.choice","Quot.sound"],"declaration":"FindimCounterexample.SelectionFinite.T","module":"FindimCounterexample.SelectionFinitePresentation","theorem":false}
{"axioms":["propext","Classical.choice","Quot.sound"],"declaration":"FindimCounterexample.SelectionGroup.centralSum_single_one","module":"FindimCounterexample.SelectionDirectSum","theorem":true}
{"axioms":["propext"],"declaration":"FindimCounterexample.SelectionFinite.RelatorIndex.uu.injEq","module":"FindimCounterexample.SelectionFinitePresentation","theorem":true}
{"axioms":["propext","Classical.choice","Quot.sound"],"declaration":"FindimCounterexample.Stage4a.tate_obstruction","module":"FindimCounterexample.Stage4aObstruction","theorem":true}
{"axioms":[],"declaration":"FindimCounterexample.SelectionGroup.instFintypeRoot.match_5","module":"FindimCounterexample.SelectionGroup","theorem":false}
{"axioms":["propext","Quot.sound"],"declaration":"FindimCounterexample.FiniteQuotients.middle_inj._simp_1","module":"FindimCounterexample.FiniteQuotients","theorem":true}
{"axioms":["propext","Classical.choice","Quot.sound"],"declaration":"FindimCounterexample.Transpose.presentationCokernelIsoSyzygy","module":"FindimCounterexample.Transpose","theorem":false}
{"axioms":["propext","Classical.choice","Quot.sound"],"declaration":"FindimCounterexample.Stage4a.Cone.homMap_comp","module":"FindimCounterexample.Stage4aCone","theorem":true}
{"axioms":[],"declaration":"FindimCounterexample.SelectionFinite.RelatorIndex.uv.inj","module":"FindimCounterexample.SelectionFinitePresentation","theorem":true}
{"axioms":["propext","Classical.choice","Quot.sound"],"declaration":"FindimCounterexample.Stage4a.Toda.zero_mem_bracket","module":"FindimCounterexample.Stage4aToda","theorem":true}
{"axioms":["propext","Classical.choice","Quot.sound"],"declaration":"FindimCounterexample.FiniteQuotientRing.polynomial.eq_1","module":"FindimCounterexample.FiniteQuotientRing","theorem":true}
{"axioms":["propext","Classical.choice","Quot.sound"],"declaration":"_private.FindimCounterexample.SelectionCentral.0.FindimCounterexample.SelectionGroup.commutator_eq_of_ne","module":"FindimCounterexample.SelectionCentral","theorem":true}
{"axioms":[],"declaration":"FindimCounterexample.SelectionFinite.RelatorIndex.casesOn","module":"FindimCounterexample.SelectionFinitePresentation","theorem":false}
{"axioms":["propext","Classical.choice","Quot.sound"],"declaration":"FindimCounterexample.FiniteQuotients.root_wu","module":"FindimCounterexample.FiniteQuotients","theorem":true}
{"axioms":["propext","Classical.choice","Quot.sound"],"declaration":"FindimCounterexample.MatrixTransvections.e_mul","module":"FindimCounterexample.MatrixTransvections","theorem":true}
{"axioms":["propext","Quot.sound"],"declaration":"FindimCounterexample.SelectionGroup.weight.eq_1","module":"FindimCounterexample.SelectionCentral","theorem":true}
{"axioms":["propext","Quot.sound"],"declaration":"FindimCounterexample.Stage4a.Cone.connecting._proof_1","module":"FindimCounterexample.Stage4aCone","theorem":true}
{"axioms":[],"declaration":"FindimCounterexample.SelectionGroup.instDecidableEqRoot.decEq._proof_3","module":"FindimCounterexample.SelectionGroup","theorem":true}
{"axioms":["propext","Classical.choice","Quot.sound"],"declaration":"FindimCounterexample.SelectionFinite.relations_finite","module":"FindimCounterexample.SelectionFinitePresentation","theorem":true}
{"axioms":[],"declaration":"FindimCounterexample.SelectionFinite.RelatorIndex.ctorElim","module":"FindimCounterexample.SelectionFinitePresentation","theorem":false}
{"axioms":[],"declaration":"FindimCounterexample.SelectionGroup.Root.ctorIdx","module":"FindimCounterexample.SelectionGroup","theorem":false}
{"axioms":["propext","Classical.choice","Quot.sound"],"declaration":"FindimCounterexample.Stage4a.TateDuality.right_comp_bijective","module":"FindimCounterexample.Stage4aInterface","theorem":true}
{"axioms":["propext","Classical.choice","Quot.sound"],"declaration":"FindimCounterexample.MatrixTransvections.diag._proof_2","module":"FindimCounterexample.MatrixTransvections","theorem":true}
{"axioms":["propext","Classical.choice","Quot.sound"],"declaration":"FindimCounterexample.Stage4aRank.range_scalarDifference","module":"FindimCounterexample.Stage4aRank","theorem":true}
{"axioms":["propext","Quot.sound"],"declaration":"FindimCounterexample.FiniteQuotients.middle_inj","module":"FindimCounterexample.FiniteQuotients","theorem":true}
{"axioms":["propext","Classical.choice","Quot.sound"],"declaration":"FindimCounterexample.ExactCoresolution.coresolution","module":"FindimCounterexample.ExactCoresolution","theorem":false}
{"axioms":["propext","Classical.choice","Quot.sound"],"declaration":"FindimCounterexample.MatrixTransvections.eHom._proof_1","module":"FindimCounterexample.MatrixTransvections","theorem":true}
{"axioms":["propext","Classical.choice","Quot.sound"],"declaration":"FindimCounterexample.FiniteQuotientRing.polynomial","module":"FindimCounterexample.FiniteQuotientRing","theorem":false}
{"axioms":["propext","Classical.choice","Quot.sound"],"declaration":"FindimCounterexample.FiniteQuotientRing.t_pow","module":"FindimCounterexample.FiniteQuotientRing","theorem":true}
{"axioms":[],"declaration":"FindimCounterexample.SelectionGroup.Generator.root.sizeOf_spec","module":"FindimCounterexample.SelectionGroup","theorem":true}
{"axioms":[],"declaration":"FindimCounterexample.SelectionGroup.Generator.ctorElim","module":"FindimCounterexample.SelectionGroup","theorem":false}
{"axioms":["propext","Classical.choice","Quot.sound"],"declaration":"FindimCounterexample.Stage4a.Toda.DefiningSystem._sizeOf_1","module":"FindimCounterexample.Stage4aToda","theorem":false}
{"axioms":["propext","Quot.sound"],"declaration":"FindimCounterexample.RingDual.leftMap_apply","module":"FindimCounterexample.Duality","theorem":true}
{"axioms":["propext","Quot.sound"],"declaration":"FindimCounterexample.RingDual.eval","module":"FindimCounterexample.Duality","theorem":false}
{"axioms":["propext","Quot.sound"],"declaration":"FindimCounterexample.StrongNakayama.dualObjects","module":"FindimCounterexample.StrongNakayama","theorem":false}
{"axioms":[],"declaration":"FindimCounterexample.Stage4a.Toda.mem_bracket_iff._simp_1_2","module":"FindimCounterexample.Stage4aToda","theorem":true}
{"axioms":["propext","Classical.choice","Quot.sound"],"declaration":"FindimCounterexample.Stage4a.Toda.mem_bracket_iff._abel_1_1","module":"FindimCounterexample.Stage4aToda","theorem":true}
{"axioms":["propext","Classical.choice","Quot.sound"],"declaration":"FindimCounterexample.FiniteQuotients.z_image_mem_center","module":"FindimCounterexample.FiniteQuotientCenter","theorem":true}
{"axioms":["propext","Classical.choice","Quot.sound"],"declaration":"FindimCounterexample.FiniteQuotients.coordinates._proof_1","module":"FindimCounterexample.FiniteQuotientCenter","theorem":true}
{"axioms":[],"declaration":"FindimCounterexample.SelectionGroup.Root.ctorElim","module":"FindimCounterexample.SelectionGroup","theorem":false}
{"axioms":["propext","Classical.choice","Quot.sound"],"declaration":"FindimCounterexample.Stage3cFractions.exists_common_denominator_finset","module":"FindimCounterexample.Stage3cFractions","theorem":true}
{"axioms":["propext","Classical.choice","Quot.sound"],"declaration":"FindimCounterexample.ModuleResolution.complex._proof_2","module":"FindimCounterexample.ModuleResolution","theorem":true}
{"axioms":[],"declaration":"FindimCounterexample.SelectionFinite.RelatorIndex.involution","module":"FindimCounterexample.SelectionFinitePresentation","theorem":false}
{"axioms":["propext","Classical.choice","Quot.sound"],"declaration":"FindimCounterexample.Stage4a.PolynomialSelfExtensions.basis","module":"FindimCounterexample.Stage4aInterface","theorem":false}
{"axioms":["propext","Classical.choice","Quot.sound"],"declaration":"FindimCounterexample.Stage4a.PolynomialSelfExtensions.rec","module":"FindimCounterexample.Stage4aInterface","theorem":false}
{"axioms":["propext","Quot.sound"],"declaration":"FindimCounterexample.FiniteQuotients.middle_ne_four","module":"FindimCounterexample.FiniteQuotients","theorem":true}
{"axioms":["propext","Quot.sound"],"declaration":"FindimCounterexample.Stage4a.Cone.oneCone_i_bijective._proof_1_4","module":"FindimCounterexample.Stage4aCone","theorem":true}
{"axioms":["propext","Classical.choice","Quot.sound"],"declaration":"FindimCounterexample.MatrixTransvections.diag_commute","module":"FindimCounterexample.MatrixTransvections","theorem":true}
{"axioms":[],"declaration":"_private.FindimCounterexample.SelectionFiniteOrbits.0.FindimCounterexample.SelectionGroup.instFintypeRoot.match_5.eq_1","module":"FindimCounterexample.SelectionFiniteOrbits","theorem":true}
{"axioms":["propext","Quot.sound"],"declaration":"FindimCounterexample.Stage4a.PolynomialSelfExtensions.right_mul_tau_bijective_negative._proof_1_1","module":"FindimCounterexample.Stage4aInterface","theorem":true}
{"axioms":["propext","Classical.choice","Quot.sound"],"declaration":"FindimCounterexample.Stage4a.Cone.targetShift_homMap","module":"FindimCounterexample.Stage4aCone","theorem":true}
{"axioms":["propext","Classical.choice","Quot.sound"],"declaration":"FindimCounterexample.FiniteQuotients.ambientCoordinates","module":"FindimCounterexample.FiniteQuotientCenter","theorem":false}
{"axioms":[],"declaration":"FindimCounterexample.SelectionGroup.Generator.root","module":"FindimCounterexample.SelectionGroup","theorem":false}
{"axioms":["propext","Classical.choice","Quot.sound"],"declaration":"FindimCounterexample.ExactCoresolution.inclusion","module":"FindimCounterexample.ExactCoresolution","theorem":false}
{"axioms":["propext","Classical.choice","Quot.sound"],"declaration":"FindimCounterexample.FiniteQuotients.coordinates_generator","module":"FindimCounterexample.FiniteQuotientCenter","theorem":true}
{"axioms":["propext","Classical.choice","Quot.sound"],"declaration":"FindimCounterexample.Stage3cKaroubi.coyoneda_exact₁","module":"FindimCounterexample.Stage3cKaroubi","theorem":true}
{"axioms":["propext","Quot.sound"],"declaration":"FindimCounterexample.Stage4a.Cone.oneCone_i_bijective._proof_1_6","module":"FindimCounterexample.Stage4aCone","theorem":true}
{"axioms":[],"declaration":"FindimCounterexample.SelectionGroup.Root.recOn","module":"FindimCounterexample.SelectionGroup","theorem":false}
{"axioms":["propext","Classical.choice","Quot.sound"],"declaration":"FindimCounterexample.SelectionGroup.centralSum_injective","module":"FindimCounterexample.SelectionIndependence","theorem":true}
{"axioms":[],"declaration":"FindimCounterexample.SelectionFinite.RelatorIndex.uv","module":"FindimCounterexample.SelectionFinitePresentation","theorem":false}
{"axioms":["propext","Classical.choice","Quot.sound"],"declaration":"FindimCounterexample.FiniteQuotients.root_uw","module":"FindimCounterexample.FiniteQuotients","theorem":true}
{"axioms":["propext"],"declaration":"FindimCounterexample.FiniteQuotients.ambientCoordinates._proof_1","module":"FindimCounterexample.FiniteQuotientCenter","theorem":true}
{"axioms":["propext","Classical.choice","Quot.sound"],"declaration":"FindimCounterexample.ProjectiveCoresolution.mk.injEq","module":"FindimCounterexample.Coresolution","theorem":true}
{"axioms":["propext","Classical.choice","Quot.sound"],"declaration":"FindimCounterexample.Stage4a.Cone.homMap_injective_of_mul","module":"FindimCounterexample.Stage4aCone","theorem":true}
{"axioms":["propext","Classical.choice","Quot.sound"],"declaration":"FindimCounterexample.FiniteQuotients.range_eq_closure_coordinates","module":"FindimCounterexample.FiniteQuotientCenter","theorem":true}
{"axioms":["propext","Quot.sound"],"declaration":"FindimCounterexample.Stage4a.Cone.oneCone_subsingleton._proof_1_4","module":"FindimCounterexample.Stage4aCone","theorem":true}
{"axioms":["propext"],"declaration":"_private.FindimCounterexample.SelectionFiniteOrbits.0.FindimCounterexample.SelectionFinite.conjugate_eq_self","module":"FindimCounterexample.SelectionFiniteOrbits","theorem":true}
{"axioms":[],"declaration":"FindimCounterexample.SelectionGroup.instDecidableEqRoot.decEq._proof_5","module":"FindimCounterexample.SelectionGroup","theorem":true}
{"axioms":["propext","Classical.choice","Quot.sound"],"declaration":"FindimCounterexample.Stage4a.Cone.connecting_bijective_of_zeros","module":"FindimCounterexample.Stage4aCone","theorem":true}
{"axioms":["propext","Classical.choice","Quot.sound"],"declaration":"FindimCounterexample.SelectionGroup.beta_V","module":"FindimCounterexample.SelectionShift","theorem":true}
{"axioms":["propext","Quot.sound"],"declaration":"FindimCounterexample.Stage4a.Cone.oneCone_finrank._proof_1_1","module":"FindimCounterexample.Stage4aCone","theorem":true}
{"axioms":["propext","Quot.sound"],"declaration":"FindimCounterexample.RingDual.eval._proof_5","module":"FindimCounterexample.Duality","theorem":true}
{"axioms":["propext","Classical.choice","Quot.sound"],"declaration":"FindimCounterexample.ProjectiveCoresolution.p","module":"FindimCounterexample.Coresolution","theorem":false}
{"axioms":["propext","Classical.choice","Quot.sound"],"declaration":"FindimCounterexample.SelectionFinite.T.eq_1","module":"FindimCounterexample.SelectionFinitePresentation","theorem":true}
{"axioms":["propext","Classical.choice","Quot.sound"],"declaration":"FindimCounterexample.SelectionGroup.shiftHom_comp","module":"FindimCounterexample.SelectionShift","theorem":true}
{"axioms":["propext","Classical.choice","Quot.sound"],"declaration":"FindimCounterexample.Stage4a.Toda.DefiningSystem.a_q","module":"FindimCounterexample.Stage4aToda","theorem":true}
{"axioms":[],"declaration":"FindimCounterexample.SelectionFinite.RelatorIndex.torus_u.noConfusion","module":"FindimCounterexample.SelectionFinitePresentation","theorem":false}
{"axioms":["propext","Classical.choice","Quot.sound"],"declaration":"_private.FindimCounterexample.SelectionFiniteRelations.0.FindimCounterexample.SelectionFinite.weight_coordinates","module":"FindimCounterexample.SelectionFiniteRelations","theorem":true}
{"axioms":["propext","Classical.choice","Quot.sound"],"declaration":"FindimCounterexample.SelectionGroup.shiftHom._proof_6","module":"FindimCounterexample.SelectionShift","theorem":true}
{"axioms":["propext","Classical.choice","Quot.sound"],"declaration":"FindimCounterexample.MatrixTransvections.eHom","module":"FindimCounterexample.MatrixTransvections","theorem":false}
{"axioms":[],"declaration":"FindimCounterexample.SelectionGroup.instDecidableEqGenerator","module":"FindimCounterexample.SelectionGroup","theorem":false}
{"axioms":["propext","Classical.choice","Quot.sound"],"declaration":"FindimCounterexample.FiniteQuotientRing.tPow.eq_1","module":"FindimCounterexample.FiniteQuotientRing","theorem":true}
{"axioms":["propext","Quot.sound"],"declaration":"FindimCounterexample.FiniteQuotients.col","module":"FindimCounterexample.FiniteQuotients","theorem":false}
{"axioms":["propext","Classical.choice","Quot.sound"],"declaration":"FindimCounterexample.Stage4aRank.homBiprodEquiv._proof_4","module":"FindimCounterexample.Stage4aRank","theorem":true}
{"axioms":["propext","Classical.choice","Quot.sound"],"declaration":"FindimCounterexample.Stage4a.PolynomialSelfExtensions.mk.injEq","module":"FindimCounterexample.Stage4aInterface","theorem":true}
{"axioms":["propext","Classical.choice","Quot.sound"],"declaration":"FindimCounterexample.ProjectiveCoresolution","module":"FindimCounterexample.Coresolution","theorem":false}
{"axioms":["propext"],"declaration":"FindimCounterexample.SelectionFinite.RelatorIndex.uw.injEq","module":"FindimCounterexample.SelectionFinitePresentation","theorem":true}
{"axioms":["propext","Classical.choice","Quot.sound"],"declaration":"FindimCounterexample.Stage4a.PolynomialSelfExtensions.mk.noConfusion","module":"FindimCounterexample.Stage4aInterface","theorem":false}
{"axioms":["propext","Classical.choice","Quot.sound"],"declaration":"FindimCounterexample.SelectionGroup.T","module":"FindimCounterexample.SelectionGroup","theorem":false}
{"axioms":["propext","Quot.sound"],"declaration":"FindimCounterexample.SelectionGroup.Relator.involution","module":"FindimCounterexample.SelectionGroup","theorem":false}
{"axioms":["propext","Classical.choice","Quot.sound"],"declaration":"FindimCounterexample.Stage3cOddDouble.thirdDouble","module":"FindimCounterexample.Stage3cOddDouble","theorem":false}
{"axioms":["propext","Classical.choice","Quot.sound"],"declaration":"FindimCounterexample.MatrixTransvections.e_commutator","module":"FindimCounterexample.MatrixTransvections","theorem":true}
{"axioms":["propext","Classical.choice","Quot.sound"],"declaration":"FindimCounterexample.Stage4a.Cone.oneCone_pi_bijective","module":"FindimCounterexample.Stage4aCone","theorem":true}
{"axioms":["propext","Classical.choice","Quot.sound"],"declaration":"FindimCounterexample.SelectionFinite.hom_ext","module":"FindimCounterexample.SelectionFinitePresentation","theorem":true}
{"axioms":["propext","Classical.choice","Quot.sound"],"declaration":"FindimCounterexample.SelectionFinite.uw0","module":"FindimCounterexample.SelectionFinitePresentation","theorem":true}
{"axioms":["propext","Quot.sound"],"declaration":"FindimCounterexample.ProjectiveCoresolution.projectiveDimension_eq._proof_1_1","module":"FindimCounterexample.Coresolution","theorem":true}
{"axioms":[],"declaration":"FindimCounterexample.Transpose.ofPresentation._proof_1","module":"FindimCounterexample.Transpose","theorem":true}
{"axioms":["propext","Classical.choice","Quot.sound"],"declaration":"FindimCounterexample.ExactCoresolution.inclusion_projection","module":"FindimCounterexample.ExactCoresolution","theorem":true}
{"axioms":["propext","Classical.choice","Quot.sound"],"declaration":"FindimCounterexample.Stage4a.Toda.mem_bracket_iff","module":"FindimCounterexample.Stage4aToda","theorem":true}
{"axioms":["propext","Quot.sound"],"declaration":"FindimCounterexample.FiniteQuotients.row","module":"FindimCounterexample.FiniteQuotients","theorem":false}
{"axioms":["propext","Classical.choice","Quot.sound"],"declaration":"FindimCounterexample.SelectionFinite.torus_w_second","module":"FindimCounterexample.SelectionFiniteOrbits","theorem":true}
{"axioms":["propext","Classical.choice","Quot.sound"],"declaration":"FindimCounterexample.FiniteQuotients.MatGroup","module":"FindimCounterexample.FiniteQuotients","theorem":false}
{"axioms":["propext","Classical.choice","Quot.sound"],"declaration":"FindimCounterexample.Stage4a.right_comp_bijective_reindex","module":"FindimCounterexample.Stage4aInterface","theorem":true}
{"axioms":["propext"],"declaration":"FindimCounterexample.SelectionTorus.conjugate_mul","module":"FindimCounterexample.SelectionTorus","theorem":true}
{"axioms":["propext","Classical.choice","Quot.sound"],"declaration":"FindimCounterexample.MatrixTransvections.e.congr_simp","module":"FindimCounterexample.MatrixTransvections","theorem":true}
{"axioms":["propext","Classical.choice","Quot.sound"],"declaration":"FindimCounterexample.RingDual.free_expansion","module":"FindimCounterexample.Duality","theorem":true}
{"axioms":["propext","Classical.choice","Quot.sound"],"declaration":"FindimCounterexample.Stage4a.TateDuality.casesOn","module":"FindimCounterexample.Stage4aInterface","theorem":false}
{"axioms":[],"declaration":"FindimCounterexample.SelectionGroup.Generator.torus.noConfusion","module":"FindimCounterexample.SelectionGroup","theorem":false}
{"axioms":["propext","Quot.sound"],"declaration":"FindimCounterexample.FiniteQuotients.coordinateGenerator","module":"FindimCounterexample.FiniteQuotientCenter","theorem":false}
{"axioms":["propext","Classical.choice","Quot.sound"],"declaration":"FindimCounterexample.SelectionGroup.instFintypeRoot","module":"FindimCounterexample.SelectionGroup","theorem":false}
{"axioms":[],"declaration":"FindimCounterexample.SelectionFinite.RelatorIndex.torus_w_third.elim","module":"FindimCounterexample.SelectionFinitePresentation","theorem":false}
{"axioms":["propext","Classical.choice","Quot.sound"],"declaration":"FindimCounterexample.SelectionFinite.family_zero","module":"FindimCounterexample.SelectionFiniteOrbits","theorem":true}
{"axioms":["propext","Classical.choice","Quot.sound"],"declaration":"FindimCounterexample.SelectionFinite.family_vv","module":"FindimCounterexample.SelectionFiniteRelations","theorem":true}
{"axioms":[],"declaration":"FindimCounterexample.SelectionGroup.instDecidableEqRoot.decEq._proof_6","module":"FindimCounterexample.SelectionGroup","theorem":true}
{"axioms":["propext","Classical.choice","Quot.sound"],"declaration":"FindimCounterexample.SelectionGroup.uw","module":"FindimCounterexample.SelectionGroup","theorem":true}
{"axioms":["propext","Classical.choice","Quot.sound"],"declaration":"_private.FindimCounterexample.SelectionDirectSum.0.FindimCounterexample.SelectionGroup.centralSum_mem","module":"FindimCounterexample.SelectionDirectSum","theorem":true}
{"axioms":["propext","Classical.choice","Quot.sound"],"declaration":"_private.FindimCounterexample.SelectionPresentation.0.FindimCounterexample.SelectionFinite.pair_kernel_commute","module":"FindimCounterexample.SelectionPresentation","theorem":true}
{"axioms":["propext","Classical.choice","Quot.sound"],"declaration":"FindimCounterexample.ProjectiveCoresolution.mk","module":"FindimCounterexample.Coresolution","theorem":false}
{"axioms":["propext","Classical.choice","Quot.sound"],"declaration":"FindimCounterexample.MatrixTransvections.e_sq","module":"FindimCounterexample.MatrixTransvections","theorem":true}
{"axioms":["propext","Classical.choice","Quot.sound"],"declaration":"FindimCounterexample.FiniteQuotientRing.exists_nonzero_sum","module":"FindimCounterexample.FiniteQuotientSeparation","theorem":true}
{"axioms":["propext","Classical.choice","Quot.sound"],"declaration":"FindimCounterexample.SelectionGroup.center_not_fg","module":"FindimCounterexample.SelectionIndependence","theorem":true}
{"axioms":["propext","Classical.choice","Quot.sound"],"declaration":"FindimCounterexample.SelectionGroup.beta._proof_2","module":"FindimCounterexample.SelectionShift","theorem":true}
{"axioms":["propext","Classical.choice","Quot.sound"],"declaration":"FindimCounterexample.ModuleResolution.differential_comp","module":"FindimCounterexample.ModuleResolution","theorem":true}
{"axioms":[],"declaration":"FindimCounterexample.SelectionFinite.RelatorIndex.torus_v","module":"FindimCounterexample.SelectionFinitePresentation","theorem":false}
{"axioms":["propext"],"declaration":"FindimCounterexample.FiniteQuotients.middle_inj._simp_1_2","module":"FindimCounterexample.FiniteQuotients","theorem":true}
{"axioms":[],"declaration":"_private.FindimCounterexample.SelectionShift.0.FindimCounterexample.SelectionGroup.shifted.match_1.splitter","module":"FindimCounterexample.SelectionShift","theorem":false}
{"axioms":["propext","Quot.sound"],"declaration":"FindimCounterexample.Stage4a.HigherObstruction.polynomial_toda_eq_zero_gt_three._proof_1_5","module":"FindimCounterexample.Stage4aHigherObstruction","theorem":true}
{"axioms":[],"declaration":"FindimCounterexample.SelectionFinite.RelatorIndex.torus_v.elim","module":"FindimCounterexample.SelectionFinitePresentation","theorem":false}
{"axioms":["propext","Classical.choice","Quot.sound"],"declaration":"FindimCounterexample.SelectionGroup.z.eq_1","module":"FindimCounterexample.SelectionCentral","theorem":true}
{"axioms":["propext","Classical.choice","Quot.sound"],"declaration":"FindimCounterexample.FiniteQuotientRing.S","module":"FindimCounterexample.FiniteQuotientRing","theorem":false}
{"axioms":["propext","Quot.sound"],"declaration":"FindimCounterexample.RingDual.rightMap","module":"FindimCounterexample.Duality","theorem":false}
{"axioms":["propext","Classical.choice","Quot.sound"],"declaration":"FindimCounterexample.Stage4a.Cone.oneCone_composite_zero","module":"FindimCounterexample.Stage4aCone","theorem":true}
{"axioms":["propext","Classical.choice","Quot.sound"],"declaration":"FindimCounterexample.Stage4a.TateDuality.pairing","module":"FindimCounterexample.Stage4aInterface","theorem":false}
{"axioms":["propext","Quot.sound"],"declaration":"_private.FindimCounterexample.SelectionCentral.0.FindimCounterexample.SelectionGroup.exists_third_index","module":"FindimCounterexample.SelectionCentral","theorem":true}
{"axioms":["propext","Classical.choice","Quot.sound"],"declaration":"FindimCounterexample.Stage4a.Cone.exact₁","module":"FindimCounterexample.Stage4aCone","theorem":true}
{"axioms":["propext","Classical.choice","Quot.sound"],"declaration":"FindimCounterexample.MatrixTransvections.e_apply_same","module":"FindimCounterexample.MatrixTransvections","theorem":true}
{"axioms":[],"declaration":"FindimCounterexample.SelectionFinite.RelatorIndex.uw.inj","module":"FindimCounterexample.SelectionFinitePresentation","theorem":true}
{"axioms":["propext","Quot.sound"],"declaration":"FindimCounterexample.RingDual.coordinate.eq_1","module":"FindimCounterexample.Duality","theorem":true}
{"axioms":["propext","Classical.choice","Quot.sound"],"declaration":"FindimCounterexample.MatrixTransvections.diag","module":"FindimCounterexample.MatrixTransvections","theorem":false}
{"axioms":["propext","Classical.choice","Quot.sound"],"declaration":"FindimCounterexample.SelectionFinite.fromG","module":"FindimCounterexample.SelectionFiniteRelations","theorem":false}
{"axioms":["propext","Classical.choice","Quot.sound"],"declaration":"FindimCounterexample.Stage4a.Toda.juggling","module":"FindimCounterexample.Stage4aToda","theorem":true}
{"axioms":[],"declaration":"FindimCounterexample.SelectionGroup.Root.v.noConfusion","module":"FindimCounterexample.SelectionGroup","theorem":false}
{"axioms":["propext","Quot.sound"],"declaration":"FindimCounterexample.RingDual.rightMap_apply","module":"FindimCounterexample.Duality","theorem":true}
{"axioms":[],"declaration":"FindimCounterexample.SelectionFinite.RelatorIndex.torus_v.noConfusion","module":"FindimCounterexample.SelectionFinitePresentation","theorem":false}
{"axioms":["propext","Classical.choice","Quot.sound"],"declaration":"FindimCounterexample.SelectionFinite.toG_root0","module":"FindimCounterexample.SelectionPresentation","theorem":true}
{"axioms":["propext","Classical.choice","Quot.sound"],"declaration":"FindimCounterexample.FiniteQuotients.D","module":"FindimCounterexample.FiniteQuotients","theorem":false}
{"axioms":["propext","Classical.choice","Quot.sound"],"declaration":"FindimCounterexample.SelectionFinite.toG_family","module":"FindimCounterexample.SelectionPresentation","theorem":true}
{"axioms":[],"declaration":"FindimCounterexample.SelectionFinite.RelatorIndex.wv_transfer.elim","module":"FindimCounterexample.SelectionFinitePresentation","theorem":false}
{"axioms":["propext","Classical.choice","Quot.sound"],"declaration":"FindimCounterexample.Stage4a.Cone.targetShiftEquiv.eq_1","module":"FindimCounterexample.Stage4aCone","theorem":true}
{"axioms":["propext","Quot.sound"],"declaration":"FindimCounterexample.Stage4a.Cone.oneCone_composite_zero._proof_1_1","module":"FindimCounterexample.Stage4aCone","theorem":true}
{"axioms":["propext","Classical.choice","Quot.sound"],"declaration":"FindimCounterexample.Stage4a.PolynomialSelfExtensions.leftMulTau","module":"FindimCounterexample.Stage4aInterface","theorem":false}
{"axioms":["propext","Classical.choice","Quot.sound"],"declaration":"FindimCounterexample.FiniteQuotients.ambientCoordinates_apply","module":"FindimCounterexample.FiniteQuotientCenter","theorem":true}
{"axioms":["propext","Classical.choice","Quot.sound"],"declaration":"FindimCounterexample.FiniteQuotientRing.tPow_add","module":"FindimCounterexample.FiniteQuotientRing","theorem":true}
{"axioms":[],"declaration":"FindimCounterexample.SelectionFinite.RelatorIndex.uu.sizeOf_spec","module":"FindimCounterexample.SelectionFinitePresentation","theorem":true}
{"axioms":[],"declaration":"_private.FindimCounterexample.SelectionFinitePresentation.0.FindimCounterexample.SelectionFinite.instFintypeRelatorIndex.match_5.eq_1","module":"FindimCounterexample.SelectionFinitePresentation","theorem":true}
{"axioms":[],"declaration":"FindimCounterexample.SelectionFinite.RelatorIndex.torus.elim","module":"FindimCounterexample.SelectionFinitePresentation","theorem":false}
{"axioms":["propext","Classical.choice","Quot.sound"],"declaration":"FindimCounterexample.Stage4a.TateDuality.mk.injEq","module":"FindimCounterexample.Stage4aInterface","theorem":true}
{"axioms":["Quot.sound"],"declaration":"CategoryTheory.Iso.homCongr.eq_1","module":"FindimCounterexample.Stage4aShift","theorem":true}
{"axioms":[],"declaration":"FindimCounterexample.SelectionFinite.RelatorIndex._sizeOf_1","module":"FindimCounterexample.SelectionFinitePresentation","theorem":false}
{"axioms":[],"declaration":"_private.FindimCounterexample.SelectionCentral.0.FindimCounterexample.SelectionGroup.instFintypeRoot.match_5.eq_1","module":"FindimCounterexample.SelectionCentral","theorem":true}
{"axioms":["propext","Quot.sound"],"declaration":"FindimCounterexample.Stage4a.PolynomialSelfExtensions.right_mul_tau_injective._proof_1_1","module":"FindimCounterexample.Stage4aInterface","theorem":true}
{"axioms":[],"declaration":"_private.FindimCounterexample.FiniteQuotients.0.FindimCounterexample.FiniteQuotients.row.match_1.eq_3","module":"FindimCounterexample.FiniteQuotients","theorem":true}
{"axioms":[],"declaration":"FindimCounterexample.SelectionGroup.Root.proxyType","module":"FindimCounterexample.SelectionGroup","theorem":false}
{"axioms":["propext","Classical.choice","Quot.sound"],"declaration":"FindimCounterexample.Stage4aRank.oneFactor_rank","module":"FindimCounterexample.Stage4aRank","theorem":true}
{"axioms":[],"declaration":"FindimCounterexample.SelectionGroup.Generator._sizeOf_inst","module":"FindimCounterexample.SelectionGroup","theorem":false}
{"axioms":["propext","Quot.sound"],"declaration":"FindimCounterexample.RingDual.eval_naturality","module":"FindimCounterexample.Duality","theorem":true}
{"axioms":["propext","Classical.choice","Quot.sound"],"declaration":"FindimCounterexample.Stage4a.beta_shift_comp_eq_zero","module":"FindimCounterexample.Stage4aFactorization","theorem":true}
{"axioms":["propext","Classical.choice","Quot.sound"],"declaration":"FindimCounterexample.SelectionGroup.centralSum._proof_1","module":"FindimCounterexample.SelectionDirectSum","theorem":true}
{"axioms":["propext","Classical.choice","Quot.sound"],"declaration":"FindimCounterexample.Stage4a.TateDuality.rec","module":"FindimCounterexample.Stage4aInterface","theorem":false}
{"axioms":["propext","Classical.choice","Quot.sound"],"declaration":"FindimCounterexample.SelectionFinite.vv0","module":"FindimCounterexample.SelectionFinitePresentation","theorem":true}
{"axioms":["propext","Classical.choice","Quot.sound"],"declaration":"FindimCounterexample.FiniteQuotients.ambientCoordinates_generator","module":"FindimCounterexample.FiniteQuotientCenter","theorem":true}
{"axioms":["propext","Classical.choice","Quot.sound"],"declaration":"FindimCounterexample.Stage3cOddDouble.shiftedDecomposition._proof_1","module":"FindimCounterexample.Stage3cOddDouble","theorem":true}
{"axioms":["propext","Classical.choice","Quot.sound"],"declaration":"FindimCounterexample.FiniteQuotientRing.sum_pow_injective","module":"FindimCounterexample.FiniteQuotientRing","theorem":true}
{"axioms":["propext","Classical.choice","Quot.sound"],"declaration":"FindimCounterexample.Stage3cConeSplitting.coneSplittingIso._proof_1","module":"FindimCounterexample.Stage3cConeSplitting","theorem":true}
{"axioms":["propext","Classical.choice","Quot.sound"],"declaration":"FindimCounterexample.Stage4a.Cone.oneCone_finrank._proof_1_2","module":"FindimCounterexample.Stage4aCone","theorem":true}
{"axioms":["propext","Quot.sound"],"declaration":"FindimCounterexample.RingDual.leftMap._proof_4","module":"FindimCounterexample.Duality","theorem":true}
{"axioms":["propext","Classical.choice","Quot.sound"],"declaration":"FindimCounterexample.Stage3cOddDouble.shiftedDecomposition._proof_5","module":"FindimCounterexample.Stage3cOddDouble","theorem":true}
{"axioms":["propext","Quot.sound"],"declaration":"FindimCounterexample.Transpose.syzygy","module":"FindimCounterexample.Transpose","theorem":false}
{"axioms":["propext","Classical.choice","Quot.sound"],"declaration":"FindimCounterexample.Stage4a.beta_comp_eq_zero","module":"FindimCounterexample.Stage4aFactorization","theorem":true}
{"axioms":["propext","Quot.sound"],"declaration":"FindimCounterexample.FiniteQuotientRing.linearCombination._proof_1","module":"FindimCounterexample.FiniteQuotientRing","theorem":true}
{"axioms":[],"declaration":"FindimCounterexample.SelectionGroup.Root.w.inj","module":"FindimCounterexample.SelectionGroup","theorem":true}
{"axioms":["propext","Classical.choice","Quot.sound"],"declaration":"FindimCounterexample.Stage4a.TateDuality.mk._flat_ctor","module":"FindimCounterexample.Stage4aInterface","theorem":false}
{"axioms":[],"declaration":"FindimCounterexample.SelectionFinite.RelatorIndex.proxyType","module":"FindimCounterexample.SelectionFinitePresentation","theorem":false}
{"axioms":["propext","Classical.choice","Quot.sound"],"declaration":"FindimCounterexample.SelectionGroup.shiftHom._proof_3","module":"FindimCounterexample.SelectionShift","theorem":true}
{"axioms":["propext"],"declaration":"FindimCounterexample.SelectionFinite.toG._simp_4","module":"FindimCounterexample.SelectionPresentation","theorem":true}
{"axioms":["propext","Classical.choice","Quot.sound"],"declaration":"FindimCounterexample.SelectionFinite.base","module":"FindimCounterexample.SelectionFiniteOrbits","theorem":false}
{"axioms":[],"declaration":"FindimCounterexample.SelectionGroup.Generator.rec","module":"FindimCounterexample.SelectionGroup","theorem":false}
{"axioms":["propext","Classical.choice","Quot.sound"],"declaration":"FindimCounterexample.SelectionGroup.lift","module":"FindimCounterexample.SelectionGroup","theorem":false}
{"axioms":["propext","Classical.choice","Quot.sound"],"declaration":"FindimCounterexample.FiniteQuotientRing.tPow_one","module":"FindimCounterexample.FiniteQuotientRing","theorem":true}
{"axioms":["propext","Quot.sound"],"declaration":"FindimCounterexample.Stage4a.PolynomialSelfExtensions.rightMulTau._proof_2","module":"FindimCounterexample.Stage4aInterface","theorem":true}
{"axioms":["propext","Classical.choice","Quot.sound"],"declaration":"FindimCounterexample.Stage3cFractions.exists_equalising_denominator","module":"FindimCounterexample.Stage3cFractions","theorem":true}
{"axioms":["propext","Quot.sound"],"declaration":"FindimCounterexample.Stage4aRank.scalarDifference._proof_2","module":"FindimCounterexample.Stage4aRank","theorem":true}
{"axioms":[],"declaration":"_private.FindimCounterexample.SelectionShift.0.FindimCounterexample.SelectionGroup.shifted.match_1.eq_1","module":"FindimCounterexample.SelectionShift","theorem":true}
{"axioms":["propext","Classical.choice","Quot.sound"],"declaration":"FindimCounterexample.Stage4a.Toda.DefiningSystem","module":"FindimCounterexample.Stage4aToda","theorem":false}
{"axioms":["propext","Quot.sound"],"declaration":"FindimCounterexample.Stage4a.HigherObstruction.polynomial_toda_eq_zero_gt_three._proof_1_2","module":"FindimCounterexample.Stage4aHigherObstruction","theorem":true}
{"axioms":["propext","Classical.choice","Quot.sound"],"declaration":"FindimCounterexample.FiniteQuotientRing.isUnit_tPow","module":"FindimCounterexample.FiniteQuotientRing","theorem":true}
{"axioms":["propext","Classical.choice","Quot.sound"],"declaration":"FindimCounterexample.FiniteQuotientRing.sum_pow_eq_zero","module":"FindimCounterexample.FiniteQuotientRing","theorem":true}
{"axioms":["propext","Classical.choice","Quot.sound"],"declaration":"FindimCounterexample.FiniteQuotients.D.eq_1","module":"FindimCounterexample.FiniteQuotients","theorem":true}
{"axioms":[],"declaration":"FindimCounterexample.SelectionFinite.RelatorIndex.torus_w_third.sizeOf_spec","module":"FindimCounterexample.SelectionFinitePresentation","theorem":true}
{"axioms":["propext","Classical.choice","Quot.sound"],"declaration":"FindimCounterexample.Stage4a.TateDuality.pairing.congr_simp","module":"FindimCounterexample.Stage4aInterface","theorem":true}
{"axioms":["propext","Quot.sound"],"declaration":"FindimCounterexample.FiniteQuotients.ambientCoordinates._proof_3","module":"FindimCounterexample.FiniteQuotientCenter","theorem":true}
{"axioms":["propext","Quot.sound"],"declaration":"FindimCounterexample.SelectionGroup.Relator.torus","module":"FindimCounterexample.SelectionGroup","theorem":false}
{"axioms":["propext","Classical.choice","Quot.sound"],"declaration":"FindimCounterexample.FiniteQuotientRing.eq_zero_of_bounded_sum._proof_1_2","module":"FindimCounterexample.FiniteQuotientSeparation","theorem":true}
{"axioms":["propext","Quot.sound"],"declaration":"FindimCounterexample.SelectionGroup.weight.eq_2","module":"FindimCounterexample.SelectionCentral","theorem":true}
{"axioms":["propext","Classical.choice","Quot.sound"],"declaration":"FindimCounterexample.StrongNakayama.not_projective_one","module":"FindimCounterexample.StrongNakayama","theorem":true}
{"axioms":["propext","Classical.choice","Quot.sound"],"declaration":"FindimCounterexample.Stage4a.Toda.DefiningSystem.noConfusion","module":"FindimCounterexample.Stage4aToda","theorem":false}
{"axioms":[],"declaration":"FindimCounterexample.RingDual.rightMap._proof_1","module":"FindimCounterexample.Duality","theorem":true}
{"axioms":["propext","Classical.choice","Quot.sound"],"declaration":"_private.FindimCounterexample.SelectionFiniteRelations.0.FindimCounterexample.SelectionFinite.commute_of_weights","module":"FindimCounterexample.SelectionFiniteRelations","theorem":true}
{"axioms":["propext","Classical.choice","Quot.sound"],"declaration":"FindimCounterexample.SelectionGroup.beta_z","module":"FindimCounterexample.SelectionShift","theorem":true}
{"axioms":["propext","Classical.choice","Quot.sound"],"declaration":"FindimCounterexample.Stage3cKaroubi.shift_additive","module":"FindimCounterexample.Stage3cKaroubi","theorem":true}
{"axioms":["propext","Classical.choice","Quot.sound"],"declaration":"FindimCounterexample.SelectionFinite.wu0","module":"FindimCounterexample.SelectionFinitePresentation","theorem":true}
{"axioms":[],"declaration":"_private.FindimCounterexample.SelectionFinitePresentation.0.FindimCounterexample.SelectionFinite.instFintypeRelatorIndex.match_5.eq_13","module":"FindimCounterexample.SelectionFinitePresentation","theorem":true}
{"axioms":["propext","Classical.choice","Quot.sound"],"declaration":"FindimCounterexample.FiniteQuotientRing.instCharPSOfNatNat","module":"FindimCounterexample.FiniteQuotientRing","theorem":true}
{"axioms":["propext","Classical.choice","Quot.sound"],"declaration":"FindimCounterexample.Transpose.cok_eq_transpose","module":"FindimCounterexample.Transpose","theorem":true}
{"axioms":["propext","Classical.choice","Quot.sound"],"declaration":"FindimCounterexample.SelectionGroup.wu","module":"FindimCounterexample.SelectionGroup","theorem":true}
{"axioms":["propext","Classical.choice","Quot.sound"],"declaration":"FindimCounterexample.SelectionFinite.fromG_comp_toG","module":"FindimCounterexample.SelectionPresentation","theorem":true}
{"axioms":[],"declaration":"FindimCounterexample.SelectionGroup.Root.v","module":"FindimCounterexample.SelectionGroup","theorem":false}
{"axioms":["propext","Classical.choice","Quot.sound"],"declaration":"FindimCounterexample.SelectionGroup.W","module":"FindimCounterexample.SelectionGroup","theorem":false}
{"axioms":["propext","Classical.choice","Quot.sound"],"declaration":"FindimCounterexample.Stage4a.Cone.homMap_surjective_of_mul","module":"FindimCounterexample.Stage4aCone","theorem":true}
{"axioms":["propext","Classical.choice","Quot.sound"],"declaration":"FindimCounterexample.FiniteQuotientRing.linearIndependent_tPow","module":"FindimCounterexample.FiniteQuotientRing","theorem":true}
{"axioms":["propext","Classical.choice","Quot.sound"],"declaration":"FindimCounterexample.Stage4a.PolynomialSelfExtensions.mk","module":"FindimCounterexample.Stage4aInterface","theorem":false}
{"axioms":[],"declaration":"_private.FindimCounterexample.SelectionGroup.0.FindimCounterexample.SelectionGroup.generatorMap.match_1.eq_1","module":"FindimCounterexample.SelectionGroup","theorem":true}
{"axioms":["propext","Quot.sound"],"declaration":"FindimCounterexample.ModuleResolution.homDifferential._proof_2","module":"FindimCounterexample.ModuleResolutionExt","theorem":true}
{"axioms":["propext","Quot.sound"],"declaration":"FindimCounterexample.RingDual.eval._proof_7","module":"FindimCounterexample.Duality","theorem":true}
{"axioms":[],"declaration":"FindimCounterexample.SelectionGroup.instDecidableEqGenerator.decEq._proof_1","module":"FindimCounterexample.SelectionGroup","theorem":true}
{"axioms":[],"declaration":"FindimCounterexample.SelectionGroup.shifted.match_1","module":"FindimCounterexample.SelectionShift","theorem":false}
{"axioms":["propext","Classical.choice","Quot.sound"],"declaration":"FindimCounterexample.Stage3cKaroubi.shiftAddIso","module":"FindimCounterexample.Stage3cKaroubi","theorem":false}
{"axioms":[],"declaration":"FindimCounterexample.SelectionFinite.RelatorIndex.torus_w_pair.sizeOf_spec","module":"FindimCounterexample.SelectionFinitePresentation","theorem":true}
{"axioms":["propext","Classical.choice","Quot.sound"],"declaration":"FindimCounterexample.ExactCoresolution.projection","module":"FindimCounterexample.ExactCoresolution","theorem":false}
{"axioms":["propext","Classical.choice","Quot.sound"],"declaration":"FindimCounterexample.Stage4a.Toda.DefiningSystem.rec","module":"FindimCounterexample.Stage4aToda","theorem":false}
{"axioms":["propext","Classical.choice","Quot.sound"],"declaration":"FindimCounterexample.SelectionFinite.torus","module":"FindimCounterexample.SelectionFiniteRelations","theorem":false}
{"axioms":[],"declaration":"FindimCounterexample.SelectionFinite.RelatorIndex.wv.sizeOf_spec","module":"FindimCounterexample.SelectionFinitePresentation","theorem":true}
{"axioms":["propext","Classical.choice","Quot.sound"],"declaration":"FindimCounterexample.SelectionGroup.centralSum_single","module":"FindimCounterexample.SelectionDirectSum","theorem":true}
{"axioms":["propext","Classical.choice","Quot.sound"],"declaration":"FindimCounterexample.Stage4a.shiftHomEquiv.congr_simp","module":"FindimCounterexample.Stage4aObstruction","theorem":true}
{"axioms":["propext","Classical.choice","Quot.sound"],"declaration":"FindimCounterexample.FiniteQuotients.pi_T","module":"FindimCounterexample.FiniteQuotients","theorem":true}
{"axioms":["propext","Classical.choice","Quot.sound"],"declaration":"FindimCounterexample.SelectionFinite.torus_v0","module":"FindimCounterexample.SelectionFinitePresentation","theorem":true}
{"axioms":["propext","Classical.choice","Quot.sound"],"declaration":"FindimCounterexample.Stage4a.Cone.oneCone_finrank","module":"FindimCounterexample.Stage4aCone","theorem":true}
{"axioms":["propext","Classical.choice","Quot.sound"],"declaration":"FindimCounterexample.ExactCoresolution.inclusion._proof_1","module":"FindimCounterexample.ExactCoresolution","theorem":true}
{"axioms":["propext","Classical.choice","Quot.sound"],"declaration":"FindimCounterexample.SelectionGroup.torus_commute","module":"FindimCounterexample.SelectionGroup","theorem":true}
{"axioms":["propext","Classical.choice","Quot.sound"],"declaration":"FindimCounterexample.SelectionGroup.cyclic_one","module":"FindimCounterexample.SelectionDirectSum","theorem":true}
{"axioms":["propext","Quot.sound"],"declaration":"FindimCounterexample.SelectionGroup.step","module":"FindimCounterexample.SelectionGroup","theorem":false}
{"axioms":[],"declaration":"FindimCounterexample.SelectionFinite.RelatorIndex.noConfusionType","module":"FindimCounterexample.SelectionFinitePresentation","theorem":false}
{"axioms":["propext","Classical.choice","Quot.sound"],"declaration":"FindimCounterexample.SelectionFinite.family_u_sq","module":"FindimCounterexample.SelectionFiniteRelations","theorem":true}
{"axioms":[],"declaration":"FindimCounterexample.SelectionFinite.RelatorIndex.wv.noConfusion","module":"FindimCounterexample.SelectionFinitePresentation","theorem":false}
{"axioms":[],"declaration":"FindimCounterexample.SelectionGroup.instDecidableEqGenerator.decEq._proof_2","module":"FindimCounterexample.SelectionGroup","theorem":true}
{"axioms":["propext","Classical.choice","Quot.sound"],"declaration":"FindimCounterexample.Stage4aRank.scalarDifference_not_surjective._proof_1_1","module":"FindimCounterexample.Stage4aRank","theorem":true}
{"axioms":["propext","Classical.choice","Quot.sound"],"declaration":"FindimCounterexample.FiniteQuotientRing.linearCombination","module":"FindimCounterexample.FiniteQuotientRing","theorem":false}
{"axioms":["propext","Classical.choice","Quot.sound"],"declaration":"FindimCounterexample.Stage4a.Toda.DefiningSystem.ctorIdx","module":"FindimCounterexample.Stage4aToda","theorem":false}
{"axioms":["propext","Classical.choice","Quot.sound"],"declaration":"FindimCounterexample.Stage4a.Toda.DefiningSystem.mk._flat_ctor","module":"FindimCounterexample.Stage4aToda","theorem":false}
{"axioms":["propext","Classical.choice","Quot.sound"],"declaration":"FindimCounterexample.Stage4a.Toda.DefiningSystem.noConfusionType","module":"FindimCounterexample.Stage4aToda","theorem":false}
{"axioms":["propext","Classical.choice","Quot.sound"],"declaration":"FindimCounterexample.Stage4a.Toda.indeterminacy","module":"FindimCounterexample.Stage4aToda","theorem":false}
{"axioms":["propext","Quot.sound"],"declaration":"FindimCounterexample.SelectionGroup.weight","module":"FindimCounterexample.SelectionGroup","theorem":false}
{"axioms":["propext","Classical.choice","Quot.sound"],"declaration":"FindimCounterexample.SelectionGroup.z_sq","module":"FindimCounterexample.SelectionCentral","theorem":true}
{"axioms":["propext","Classical.choice","Quot.sound"],"declaration":"FindimCounterexample.SelectionFinite.wv_transfer0","module":"FindimCounterexample.SelectionFinitePresentation","theorem":true}
{"axioms":["propext","Quot.sound"],"declaration":"FindimCounterexample.Stage4a.HigherObstruction.polynomial_toda_eq_zero_gt_three._proof_1_8","module":"FindimCounterexample.Stage4aHigherObstruction","theorem":true}
{"axioms":[],"declaration":"FindimCounterexample.SelectionFinite.RelatorIndex.torus_w_third.inj","module":"FindimCounterexample.SelectionFinitePresentation","theorem":true}
{"axioms":["propext","Quot.sound"],"declaration":"FindimCounterexample.RingDual.coordinate._proof_2","module":"FindimCounterexample.Duality","theorem":true}
{"axioms":["propext","Quot.sound"],"declaration":"FindimCounterexample.Stage4a.TateDuality._proof_1","module":"FindimCounterexample.Stage4aInterface","theorem":true}
{"axioms":[],"declaration":"_private.FindimCounterexample.SelectionFiniteOrbits.0.FindimCounterexample.SelectionFinite.base.match_1.eq_1","module":"FindimCounterexample.SelectionFiniteOrbits","theorem":true}
{"axioms":[],"declaration":"FindimCounterexample.SelectionFinite.RelatorIndex.uv.sizeOf_spec","module":"FindimCounterexample.SelectionFinitePresentation","theorem":true}
{"axioms":["propext","Classical.choice","Quot.sound"],"declaration":"FindimCounterexample.Stage4a.Toda.indeterminacy._proof_2","module":"FindimCounterexample.Stage4aToda","theorem":true}
{"axioms":["propext","Classical.choice","Quot.sound"],"declaration":"FindimCounterexample.FiniteQuotients.root_uv","module":"FindimCounterexample.FiniteQuotients","theorem":true}
{"axioms":["propext","Quot.sound"],"declaration":"FindimCounterexample.SelectionGroup.Relator.rec","module":"FindimCounterexample.SelectionGroup","theorem":false}
{"axioms":[],"declaration":"_private.FindimCounterexample.SelectionFinitePresentation.0.FindimCounterexample.SelectionFinite.instFintypeRelatorIndex.match_5.eq_3","module":"FindimCounterexample.SelectionFinitePresentation","theorem":true}
{"axioms":["propext","Classical.choice","Quot.sound"],"declaration":"FindimCounterexample.RankObstruction.extinction_bound","module":"FindimCounterexample.Stage4bExtinction","theorem":true}
{"axioms":["propext","Classical.choice","Quot.sound"],"declaration":"FindimCounterexample.Stage4a.Cone.exact₂","module":"FindimCounterexample.Stage4aCone","theorem":true}
{"axioms":[],"declaration":"FindimCounterexample.SelectionFinite.RelatorIndex.torus_v.inj","module":"FindimCounterexample.SelectionFinitePresentation","theorem":true}
{"axioms":[],"declaration":"_private.FindimCounterexample.SelectionShift.0.FindimCounterexample.SelectionGroup.shifted.match_1.eq_3","module":"FindimCounterexample.SelectionShift","theorem":true}
{"axioms":["propext","Classical.choice","Quot.sound"],"declaration":"FindimCounterexample.SelectionGroup.lift_T","module":"FindimCounterexample.SelectionGroup","theorem":true}
{"axioms":["propext","Quot.sound"],"declaration":"FindimCounterexample.SelectionGroup.Relator.wu","module":"FindimCounterexample.SelectionGroup","theorem":false}
{"axioms":[],"declaration":"FindimCounterexample.SelectionFinite.Word.root0","module":"FindimCounterexample.SelectionFinitePresentation","theorem":false}
{"axioms":["propext","Classical.choice","Quot.sound"],"declaration":"FindimCounterexample.SelectionGroup.centralProduct_range","module":"FindimCounterexample.SelectionDirectSum","theorem":true}
{"axioms":["propext","Classical.choice","Quot.sound"],"declaration":"FindimCounterexample.FiniteQuotients.diagonalEntry","module":"FindimCounterexample.FiniteQuotients","theorem":false}
{"axioms":["propext","Classical.choice","Quot.sound"],"declaration":"FindimCounterexample.SelectionGroup.center_not_finitelyGenerated","module":"FindimCounterexample.SelectionIndependence","theorem":true}
{"axioms":["propext","Classical.choice","Quot.sound"],"declaration":"FindimCounterexample.FiniteQuotientRing.eq_zero_of_bounded_sum._proof_1_1","module":"FindimCounterexample.FiniteQuotientSeparation","theorem":true}
{"axioms":["propext","Classical.choice","Quot.sound"],"declaration":"FindimCounterexample.MatrixTransvections.e_commute","module":"FindimCounterexample.MatrixTransvections","theorem":true}
{"axioms":["propext"],"declaration":"FindimCounterexample.ModuleResolution.augmentation._proof_1","module":"FindimCounterexample.ModuleResolution","theorem":true}
{"axioms":["propext","Quot.sound"],"declaration":"FindimCounterexample.RingDual.eval._proof_1","module":"FindimCounterexample.Duality","theorem":true}
{"axioms":["propext","Classical.choice","Quot.sound"],"declaration":"FindimCounterexample.ExactCoresolution.cok","module":"FindimCounterexample.ExactCoresolution","theorem":false}
{"axioms":["propext","Classical.choice","Quot.sound"],"declaration":"_private.FindimCounterexample.MatrixTransvections.0.FindimCounterexample.MatrixTransvections.e_chain_mul","module":"FindimCounterexample.MatrixTransvections","theorem":true}
{"axioms":["propext","Classical.choice","Quot.sound"],"declaration":"FindimCounterexample.Stage4a.TateDuality._sizeOf_1","module":"FindimCounterexample.Stage4aInterface","theorem":false}
{"axioms":[],"declaration":"FindimCounterexample.SelectionGroup.instDecidableEqRoot.decEq._proof_11","module":"FindimCounterexample.SelectionGroup","theorem":true}
{"axioms":[],"declaration":"FindimCounterexample.SelectionFinite.base.match_1","module":"FindimCounterexample.SelectionFiniteOrbits","theorem":false}
{"axioms":["propext","Classical.choice","Quot.sound"],"declaration":"FindimCounterexample.RingDual.rightDual_finite","module":"FindimCounterexample.Duality","theorem":true}
{"axioms":["propext","Classical.choice","Quot.sound"],"declaration":"FindimCounterexample.Stage4a.PolynomialSelfExtensions.casesOn","module":"FindimCounterexample.Stage4aInterface","theorem":false}
{"axioms":[],"declaration":"FindimCounterexample.SelectionFinite.instFintypeRelatorIndex.match_5","module":"FindimCounterexample.SelectionFinitePresentation","theorem":false}
{"axioms":["propext","Quot.sound"],"declaration":"FindimCounterexample.SelectionFinite.relationWord.eq_11","module":"FindimCounterexample.SelectionFinitePresentation","theorem":true}
{"axioms":["propext","Classical.choice","Quot.sound"],"declaration":"FindimCounterexample.Transpose.ofPresentation","module":"FindimCounterexample.Transpose","theorem":false}
{"axioms":[],"declaration":"FindimCounterexample.SelectionGroup.instDecidableEqRoot.decEq._proof_8","module":"FindimCounterexample.SelectionGroup","theorem":true}
{"axioms":["propext","Classical.choice","Quot.sound"],"declaration":"FindimCounterexample.Stage4a.Cone.deshiftTau.eq_1","module":"FindimCounterexample.Stage4aCone","theorem":true}
{"axioms":["propext","Quot.sound"],"declaration":"FindimCounterexample.StrongNakayama.coresolution._proof_1","module":"FindimCounterexample.StrongNakayama","theorem":true}
{"axioms":[],"declaration":"FindimCounterexample.SelectionGroup.Root.noConfusion","module":"FindimCounterexample.SelectionGroup","theorem":false}
{"axioms":["propext","Classical.choice","Quot.sound"],"declaration":"FindimCounterexample.SelectionFinite.V0","module":"FindimCounterexample.SelectionFinitePresentation","theorem":false}
{"axioms":[],"declaration":"_private.FindimCounterexample.SelectionFinitePresentation.0.FindimCounterexample.SelectionFinite.instFintypeRelatorIndex.match_5.eq_12","module":"FindimCounterexample.SelectionFinitePresentation","theorem":true}
{"axioms":["propext","Quot.sound"],"declaration":"FindimCounterexample.FiniteQuotients.middle._proof_1","module":"FindimCounterexample.FiniteQuotients","theorem":true}
{"axioms":["propext","Classical.choice","Quot.sound"],"declaration":"FindimCounterexample.FiniteQuotients.diagonal_ratio","module":"FindimCounterexample.FiniteQuotients","theorem":true}
{"axioms":[],"declaration":"FindimCounterexample.SelectionFinite.RelatorIndex.involution.elim","module":"FindimCounterexample.SelectionFinitePresentation","theorem":false}
{"axioms":["propext","Classical.choice","Quot.sound"],"declaration":"FindimCounterexample.SelectionGroup.centralSubgroup.eq_1","module":"FindimCounterexample.SelectionDirectSum","theorem":true}
{"axioms":[],"declaration":"_private.FindimCounterexample.SelectionFiniteOrbits.0.FindimCounterexample.SelectionGroup.instFintypeRoot.match_5.splitter","module":"FindimCounterexample.SelectionFiniteOrbits","theorem":false}
{"axioms":["propext","Classical.choice","Quot.sound"],"declaration":"FindimCounterexample.SelectionFinite.base.eq_3","module":"FindimCounterexample.SelectionFiniteOrbits","theorem":true}
{"axioms":["propext","Classical.choice","Quot.sound"],"declaration":"FindimCounterexample.ProjectiveCoresolution.recOn","module":"FindimCounterexample.Coresolution","theorem":false}
{"axioms":["propext","Classical.choice","Quot.sound"],"declaration":"FindimCounterexample.RankObstruction.apply_pow_finrank_eq_zero","module":"FindimCounterexample.Stage4bRankObstruction","theorem":true}
{"axioms":["propext","Classical.choice","Quot.sound"],"declaration":"FindimCounterexample.Stage3cKaroubi.shiftToKaroubiIso_inv_f","module":"FindimCounterexample.Stage3cKaroubi","theorem":true}
{"axioms":["propext","Classical.choice","Quot.sound"],"declaration":"FindimCounterexample.FiniteQuotientRing.t_val","module":"FindimCounterexample.FiniteQuotientRing","theorem":true}
{"axioms":["propext","Quot.sound"],"declaration":"FindimCounterexample.RingDual.evalEquiv._proof_1","module":"FindimCounterexample.Duality","theorem":true}
{"axioms":["propext","Classical.choice","Quot.sound"],"declaration":"FindimCounterexample.SelectionFinite.card_generator","module":"FindimCounterexample.SelectionFinitePresentation","theorem":true}
{"axioms":[],"declaration":"FindimCounterexample.SelectionGroup.Root.proxyTypeEquiv","module":"FindimCounterexample.SelectionGroup","theorem":false}
{"axioms":["propext","Classical.choice","Quot.sound"],"declaration":"FindimCounterexample.SelectionGroup.shifted","module":"FindimCounterexample.SelectionShift","theorem":false}
{"axioms":["propext","Classical.choice","Quot.sound"],"declaration":"_private.FindimCounterexample.SelectionFiniteRelations.0.FindimCounterexample.SelectionFinite.commutator_of_weights","module":"FindimCounterexample.SelectionFiniteRelations","theorem":true}
{"axioms":["propext","Quot.sound"],"declaration":"FindimCounterexample.RingDual.eval_apply","module":"FindimCounterexample.Duality","theorem":true}
{"axioms":["propext"],"declaration":"FindimCounterexample.SelectionGroup.wv_transfer._simp_1_1","module":"FindimCounterexample.SelectionGroup","theorem":true}
{"axioms":["propext","Classical.choice","Quot.sound"],"declaration":"FindimCounterexample.Stage3cOddDouble.thirdDouble._proof_2","module":"FindimCounterexample.Stage3cOddDouble","theorem":true}
{"axioms":["propext","Quot.sound"],"declaration":"FindimCounterexample.SelectionGroup.relations","module":"FindimCounterexample.SelectionGroup","theorem":false}
{"axioms":["propext","Classical.choice","Quot.sound"],"declaration":"FindimCounterexample.Stage4a.Cone.targetShiftEquiv","module":"FindimCounterexample.Stage4aCone","theorem":false}
{"axioms":["propext","Classical.choice","Quot.sound"],"declaration":"FindimCounterexample.Stage4a.TateDuality.naturality_source","module":"FindimCounterexample.Stage4aInterface","theorem":true}
{"axioms":["propext","Classical.choice","Quot.sound"],"declaration":"FindimCounterexample.Stage3cFractions.exists_common_denominator","module":"FindimCounterexample.Stage3cFractions","theorem":true}
{"axioms":["propext","Quot.sound"],"declaration":"FindimCounterexample.Stage4a.PolynomialSelfExtensions.left_mul_tau_bijective_nonneg._proof_1_1","module":"FindimCounterexample.Stage4aInterface","theorem":true}
{"axioms":["propext","Classical.choice","Quot.sound"],"declaration":"FindimCounterexample.Stage4a.Toda.bracket_eq_zero_of_subsingleton","module":"FindimCounterexample.Stage4aToda","theorem":true}
{"axioms":[],"declaration":"FindimCounterexample.SelectionFinite.RelatorIndex.wv.inj","module":"FindimCounterexample.SelectionFinitePresentation","theorem":true}
{"axioms":["propext","Quot.sound"],"declaration":"FindimCounterexample.Stage4aRank.scalarDifference","module":"FindimCounterexample.Stage4aRank","theorem":false}
{"axioms":["propext","Classical.choice","Quot.sound"],"declaration":"FindimCounterexample.FiniteQuotients.root_uu","module":"FindimCounterexample.FiniteQuotients","theorem":true}
{"axioms":["propext","Classical.choice","Quot.sound"],"declaration":"FindimCounterexample.Stage3cKaroubi.coyoneda_exact₂","module":"FindimCounterexample.Stage3cKaroubi","theorem":true}
{"axioms":["propext","Classical.choice","Quot.sound"],"declaration":"FindimCounterexample.SelectionFinite.torus_commute","module":"FindimCounterexample.SelectionFinitePresentation","theorem":true}
{"axioms":["propext","Classical.choice","Quot.sound"],"declaration":"FindimCounterexample.ProjectiveCoresolution.ctorIdx","module":"FindimCounterexample.Coresolution","theorem":false}
{"axioms":["propext","Classical.choice","Quot.sound"],"declaration":"FindimCounterexample.SelectionGroup.beta_W","module":"FindimCounterexample.SelectionShift","theorem":true}
{"axioms":["propext","Classical.choice","Quot.sound"],"declaration":"FindimCounterexample.Stage4a.Toda.DefiningSystem.casesOn","module":"FindimCounterexample.Stage4aToda","theorem":false}
{"axioms":["propext","Classical.choice","Quot.sound"],"declaration":"FindimCounterexample.FiniteQuotients.pi_T_matrix","module":"FindimCounterexample.FiniteQuotients","theorem":true}
{"axioms":["propext","Classical.choice","Quot.sound"],"declaration":"FindimCounterexample.FiniteQuotientRing.linearCombination_apply","module":"FindimCounterexample.FiniteQuotientRing","theorem":true}
{"axioms":["propext","Classical.choice","Quot.sound"],"declaration":"FindimCounterexample.Stage3cOddDouble.thirdDouble._proof_1","module":"FindimCounterexample.Stage3cOddDouble","theorem":true}
{"axioms":["propext","Classical.choice","Quot.sound"],"declaration":"FindimCounterexample.MatrixTransvections.e","module":"FindimCounterexample.MatrixTransvections","theorem":false}
{"axioms":["propext","Classical.choice","Quot.sound"],"declaration":"FindimCounterexample.FiniteQuotients.coordinateGenerators_closure","module":"FindimCounterexample.FiniteQuotientCenter","theorem":true}
{"axioms":["propext","Classical.choice","Quot.sound"],"declaration":"FindimCounterexample.StrongNakayama.projectiveDimension_eq","module":"FindimCounterexample.StrongNakayama","theorem":true}
{"axioms":["propext","Classical.choice","Quot.sound"],"declaration":"FindimCounterexample.SelectionFinite.torus_conjugate_root0","module":"FindimCounterexample.SelectionFiniteRelations","theorem":true}
{"axioms":["propext","Quot.sound"],"declaration":"FindimCounterexample.Stage4a.Cone.normalized_subsingleton._proof_1_1","module":"FindimCounterexample.Stage4aCone","theorem":true}
{"axioms":["propext","Classical.choice","Quot.sound"],"declaration":"FindimCounterexample.FiniteQuotientRing.eq_zero_of_bounded_sum","module":"FindimCounterexample.FiniteQuotientSeparation","theorem":true}
{"axioms":["propext","Quot.sound"],"declaration":"FindimCounterexample.Stage4a.Cone.oneCone_composite_zero._proof_1_2","module":"FindimCounterexample.Stage4aCone","theorem":true}
{"axioms":[],"declaration":"_private.FindimCounterexample.SelectionFinitePresentation.0.FindimCounterexample.SelectionFinite.instFintypeRelatorIndex.match_5.eq_4","module":"FindimCounterexample.SelectionFinitePresentation","theorem":true}
{"axioms":["propext","Classical.choice","Quot.sound"],"declaration":"FindimCounterexample.Stage4a.Cone.subsingleton_of_surjective_injective","module":"FindimCounterexample.Stage4aCone","theorem":true}
{"axioms":["propext","Classical.choice","Quot.sound"],"declaration":"FindimCounterexample.Stage4a.one_factor_obstruction","module":"FindimCounterexample.Stage4aOneFactor","theorem":true}
{"axioms":["propext","Classical.choice","Quot.sound"],"declaration":"FindimCounterexample.Stage3cOddDouble.shiftedDecomposition._proof_4","module":"FindimCounterexample.Stage3cOddDouble","theorem":true}
{"axioms":["propext","Classical.choice","Quot.sound"],"declaration":"FindimCounterexample.FiniteQuotientRing.linearCombination.congr_simp","module":"FindimCounterexample.FiniteQuotientRing","theorem":true}
{"axioms":["propext"],"declaration":"FindimCounterexample.SelectionGroup.uw._simp_1_1","module":"FindimCounterexample.SelectionGroup","theorem":true}
{"axioms":[],"declaration":"FindimCounterexample.SelectionGroup.Root.v.elim","module":"FindimCounterexample.SelectionGroup","theorem":false}
{"axioms":["propext","Classical.choice","Quot.sound"],"declaration":"FindimCounterexample.SelectionGroup.commutator_eq_z","module":"FindimCounterexample.SelectionCentral","theorem":true}
{"axioms":["propext","Classical.choice","Quot.sound"],"declaration":"FindimCounterexample.Stage4a.Cone.subsingleton_targetShift","module":"FindimCounterexample.Stage4aCone","theorem":true}
{"axioms":["propext"],"declaration":"FindimCounterexample.FiniteQuotients.row._proof_1","module":"FindimCounterexample.FiniteQuotients","theorem":true}
{"axioms":["propext"],"declaration":"FindimCounterexample.SelectionTorus.orbit_conjugate","module":"FindimCounterexample.SelectionTorus","theorem":true}
{"axioms":["propext","Quot.sound"],"declaration":"FindimCounterexample.SelectionFinite.relationWord.eq_5","module":"FindimCounterexample.SelectionFinitePresentation","theorem":true}
{"axioms":["propext","Classical.choice","Quot.sound"],"declaration":"FindimCounterexample.Stage4aRank.triangle_finrank_eq_two","module":"FindimCounterexample.Stage4aRank","theorem":true}
{"axioms":["propext","Classical.choice","Quot.sound"],"declaration":"FindimCounterexample.SelectionGroup.uv","module":"FindimCounterexample.SelectionGroup","theorem":true}
{"axioms":[],"declaration":"FindimCounterexample.SelectionFinite.RelatorIndex.torus_w_pair.elim","module":"FindimCounterexample.SelectionFinitePresentation","theorem":false}
{"axioms":["propext","Classical.choice","Quot.sound"],"declaration":"FindimCounterexample.ProjectiveCoresolution.mk.noConfusion","module":"FindimCounterexample.Coresolution","theorem":false}
{"axioms":[],"declaration":"FindimCounterexample.SelectionGroup.instDecidableEqGenerator.decEq._proof_4","module":"FindimCounterexample.SelectionGroup","theorem":true}
{"axioms":["propext","Classical.choice","Quot.sound"],"declaration":"PresentedGroup.of.eq_1","module":"FindimCounterexample.SelectionGroup","theorem":true}
{"axioms":[],"declaration":"FindimCounterexample.SelectionGroup.Word.T","module":"FindimCounterexample.SelectionGroup","theorem":false}
{"axioms":["propext","Classical.choice","Quot.sound"],"declaration":"FindimCounterexample.FiniteQuotientRing.eq_zero_of_bounded_sum._proof_1_3","module":"FindimCounterexample.FiniteQuotientSeparation","theorem":true}
{"axioms":[],"declaration":"FindimCounterexample.SelectionFinite.RelatorIndex.vv","module":"FindimCounterexample.SelectionFinitePresentation","theorem":false}
{"axioms":["propext","Quot.sound"],"declaration":"FindimCounterexample.Stage4a.TateDuality.comp_smul._proof_1_1","module":"FindimCounterexample.Stage4aInterface","theorem":true}
{"axioms":["propext","Classical.choice","Quot.sound"],"declaration":"FindimCounterexample.SelectionGroup.shiftHom._proof_4","module":"FindimCounterexample.SelectionShift","theorem":true}
{"axioms":["propext","Classical.choice","Quot.sound"],"declaration":"FindimCounterexample.SelectionGroup.S","module":"FindimCounterexample.SelectionGroup","theorem":false}
{"axioms":["propext","Quot.sound"],"declaration":"FindimCounterexample.FiniteQuotients.four_ne_middle","module":"FindimCounterexample.FiniteQuotients","theorem":true}
{"axioms":[],"declaration":"FindimCounterexample.SelectionFinite.RelatorIndex.torus_u","module":"FindimCounterexample.SelectionFinitePresentation","theorem":false}
{"axioms":["propext","Classical.choice","Quot.sound"],"declaration":"FindimCounterexample.Stage4a.Cone.oneCone_i_bijective","module":"FindimCounterexample.Stage4aCone","theorem":true}
{"axioms":["propext","Quot.sound"],"declaration":"FindimCounterexample.FiniteQuotients.middle","module":"FindimCounterexample.FiniteQuotients","theorem":false}
{"axioms":["propext","Classical.choice","Quot.sound"],"declaration":"FindimCounterexample.FiniteQuotients.D_commute","module":"FindimCounterexample.FiniteQuotients","theorem":true}
{"axioms":["propext","Classical.choice","Quot.sound"],"declaration":"FindimCounterexample.Stage4a.TateDuality.noConfusion","module":"FindimCounterexample.Stage4aInterface","theorem":false}
{"axioms":["propext","Classical.choice","Quot.sound"],"declaration":"FindimCounterexample.SelectionGroup.centralProduct_injective","module":"FindimCounterexample.SelectionIndependence","theorem":true}
{"axioms":["propext","Classical.choice","Quot.sound"],"declaration":"_private.FindimCounterexample.SelectionIndependence.0.FindimCounterexample.SelectionGroup.zmod_two_cases","module":"FindimCounterexample.SelectionIndependence","theorem":true}
{"axioms":[],"declaration":"FindimCounterexample.SelectionFinite.RelatorIndex.uw.noConfusion","module":"FindimCounterexample.SelectionFinitePresentation","theorem":false}
{"axioms":[],"declaration":"_private.FindimCounterexample.SelectionGroup.0.FindimCounterexample.SelectionGroup.generatorMap.match_1.eq_2","module":"FindimCounterexample.SelectionGroup","theorem":true}
{"axioms":["propext","Classical.choice","Quot.sound"],"declaration":"FindimCounterexample.FiniteQuotientRing.linearCombination._proof_2","module":"FindimCounterexample.FiniteQuotientRing","theorem":true}
{"axioms":["propext","Classical.choice","Quot.sound"],"declaration":"FindimCounterexample.FiniteQuotientRing.eq_zero_of_all_sums","module":"FindimCounterexample.FiniteQuotientSeparation","theorem":true}
{"axioms":[],"declaration":"FindimCounterexample.SelectionFinite.RelatorIndex.wu","module":"FindimCounterexample.SelectionFinitePresentation","theorem":false}
{"axioms":["propext","Classical.choice","Quot.sound"],"declaration":"FindimCounterexample.Stage3cOddDouble.shiftedDecomposition._proof_3","module":"FindimCounterexample.Stage3cOddDouble","theorem":true}
{"axioms":["propext","Quot.sound"],"declaration":"FindimCounterexample.Transpose.ofPresentation._proof_2","module":"FindimCounterexample.Transpose","theorem":true}
{"axioms":["propext","Quot.sound"],"declaration":"FindimCounterexample.SelectionFinite.relationWord.eq_1","module":"FindimCounterexample.SelectionFinitePresentation","theorem":true}
{"axioms":["propext"],"declaration":"FindimCounterexample.SelectionCommutator.commute_commutator","module":"FindimCounterexample.SelectionCommutator","theorem":true}
{"axioms":["propext","Classical.choice","Quot.sound"],"declaration":"FindimCounterexample.RankObstruction.apply_pow_eq_zero_of_eventually","module":"FindimCounterexample.Stage4bRankObstruction","theorem":true}
{"axioms":["propext","Classical.choice","Quot.sound"],"declaration":"FindimCounterexample.Stage3cOddDouble.firstDouble._proof_1","module":"FindimCounterexample.Stage3cOddDouble","theorem":true}
{"axioms":["propext","Classical.choice","Quot.sound"],"declaration":"FindimCounterexample.FiniteQuotients.rootImage.eq_1","module":"FindimCounterexample.FiniteQuotients","theorem":true}
{"axioms":["propext","Quot.sound"],"declaration":"FindimCounterexample.RingDual.eval._proof_2","module":"FindimCounterexample.Duality","theorem":true}
{"axioms":[],"declaration":"FindimCounterexample.SelectionGroup.instDecidableEqRoot.decEq._proof_2","module":"FindimCounterexample.SelectionGroup","theorem":true}
{"axioms":["propext","Classical.choice","Quot.sound"],"declaration":"FindimCounterexample.FiniteQuotientRing.finite","module":"FindimCounterexample.FiniteQuotientRing","theorem":true}
{"axioms":[],"declaration":"FindimCounterexample.SelectionGroup.Root.u.noConfusion","module":"FindimCounterexample.SelectionGroup","theorem":false}
{"axioms":["propext","Quot.sound"],"declaration":"FindimCounterexample.SelectionFinite.torus_conjugation._proof_1_2","module":"FindimCounterexample.SelectionFiniteRelations","theorem":true}
{"axioms":["propext","Classical.choice","Quot.sound"],"declaration":"FindimCounterexample.Stage4a.TateDuality.mk.inj","module":"FindimCounterexample.Stage4aInterface","theorem":true}
{"axioms":[],"declaration":"FindimCounterexample.SelectionFinite.RelatorIndex.torus_u.elim","module":"FindimCounterexample.SelectionFinitePresentation","theorem":false}
{"axioms":["propext","Quot.sound"],"declaration":"FindimCounterexample.SelectionFinite.relationWord.eq_12","module":"FindimCounterexample.SelectionFinitePresentation","theorem":true}
{"axioms":["propext","Classical.choice","Quot.sound"],"declaration":"FindimCounterexample.Stage4a.PolynomialSelfExtensions.rightMulTau._proof_3","module":"FindimCounterexample.Stage4aInterface","theorem":true}
{"axioms":["propext","Classical.choice","Quot.sound"],"declaration":"FindimCounterexample.Stage4a.TateDuality._sizeOf_inst","module":"FindimCounterexample.Stage4aInterface","theorem":false}
{"axioms":["propext","Classical.choice","Quot.sound"],"declaration":"FindimCounterexample.MatrixTransvections.coe_e","module":"FindimCounterexample.MatrixTransvections","theorem":true}
{"axioms":["propext","Classical.choice","Quot.sound"],"declaration":"FindimCounterexample.Stage4a.HigherObstruction.bracket_eq_zero_of_vanishings","module":"FindimCounterexample.Stage4aHigherObstruction","theorem":true}
{"axioms":["propext","Classical.choice","Quot.sound"],"declaration":"FindimCounterexample.SelectionGroup.u_sq","module":"FindimCounterexample.SelectionGroup","theorem":true}
{"axioms":["propext"],"declaration":"FindimCounterexample.SelectionGroup.conjugation._simp_1_1","module":"FindimCounterexample.SelectionGroup","theorem":true}
{"axioms":["propext","Quot.sound"],"declaration":"FindimCounterexample.Stage4aRank.scalarDifference.eq_1","module":"FindimCounterexample.Stage4aRank","theorem":true}
{"axioms":[],"declaration":"FindimCounterexample.SelectionGroup.Root.u.sizeOf_spec","module":"FindimCounterexample.SelectionGroup","theorem":true}
{"axioms":["propext","Classical.choice","Quot.sound"],"declaration":"FindimCounterexample.MatrixTransvections.eHom_apply","module":"FindimCounterexample.MatrixTransvections","theorem":true}
{"axioms":["propext","Classical.choice","Quot.sound"],"declaration":"FindimCounterexample.ProjectiveCoresolution.sc","module":"FindimCounterexample.Coresolution","theorem":false}
{"axioms":["propext","Quot.sound"],"declaration":"FindimCounterexample.Stage4a.HigherObstruction.polynomial_toda_eq_zero_gt_three._proof_1_1","module":"FindimCounterexample.Stage4aHigherObstruction","theorem":true}
{"axioms":["propext","Classical.choice","Quot.sound"],"declaration":"FindimCounterexample.ModuleResolution.projectiveResolution._proof_1","module":"FindimCounterexample.ModuleResolution","theorem":true}
{"axioms":["propext","Classical.choice","Quot.sound"],"declaration":"FindimCounterexample.Stage3cKaroubi.shiftToKaroubiIso","module":"FindimCounterexample.Stage3cKaroubi","theorem":false}
{"axioms":[],"declaration":"FindimCounterexample.SelectionFinite.Generator","module":"FindimCounterexample.SelectionFinitePresentation","theorem":false}
{"axioms":["propext","Classical.choice","Quot.sound"],"declaration":"FindimCounterexample.SelectionFinite.base.eq_2","module":"FindimCounterexample.SelectionFiniteOrbits","theorem":true}
{"axioms":[],"declaration":"FindimCounterexample.SelectionFinite.RelatorIndex.vv.noConfusion","module":"FindimCounterexample.SelectionFinitePresentation","theorem":false}
{"axioms":["propext","Classical.choice","Quot.sound"],"declaration":"FindimCounterexample.Stage4a.PolynomialSelfExtensions._sizeOf_inst","module":"FindimCounterexample.Stage4aInterface","theorem":false}
{"axioms":["propext","Classical.choice","Quot.sound"],"declaration":"FindimCounterexample.Stage4a.PolynomialSelfExtensions.mk.inj","module":"FindimCounterexample.Stage4aInterface","theorem":true}
{"axioms":["propext","Quot.sound"],"declaration":"FindimCounterexample.FiniteQuotients.middle_ne_zero._simp_1","module":"FindimCounterexample.FiniteQuotients","theorem":true}
{"axioms":["propext"],"declaration":"FindimCounterexample.RingDual.leftMap._proof_1","module":"FindimCounterexample.Duality","theorem":true}
{"axioms":["propext","Classical.choice","Quot.sound"],"declaration":"FindimCounterexample.SelectionGroup.hom_ext","module":"FindimCounterexample.SelectionGroup","theorem":true}
{"axioms":["propext","Classical.choice","Quot.sound"],"declaration":"FindimCounterexample.ModuleResolution.projectiveResolution._proof_2","module":"FindimCounterexample.ModuleResolution","theorem":true}
{"axioms":["propext"],"declaration":"FindimCounterexample.SelectionCommutator.commutator_def","module":"FindimCounterexample.SelectionCommutator","theorem":true}
{"axioms":[],"declaration":"FindimCounterexample.SelectionFinite.RelatorIndex.uw.sizeOf_spec","module":"FindimCounterexample.SelectionFinitePresentation","theorem":true}
{"axioms":[],"declaration":"FindimCounterexample.SelectionGroup.instFintypeRoot.match_3","module":"FindimCounterexample.SelectionGroup","theorem":false}
{"axioms":[],"declaration":"FindimCounterexample.SelectionFinite.RelatorIndex.wu.sizeOf_spec","module":"FindimCounterexample.SelectionFinitePresentation","theorem":true}
{"axioms":["propext","Classical.choice","Quot.sound"],"declaration":"_private.FindimCounterexample.SelectionPresentation.0.FindimCounterexample.SelectionFinite.kernel_commute","module":"FindimCounterexample.SelectionPresentation","theorem":true}
{"axioms":["propext","Classical.choice","Quot.sound"],"declaration":"FindimCounterexample.Stage4aRank.finrank_eq_two_of_exact._proof_1_1","module":"FindimCounterexample.Stage4aRank","theorem":true}
{"axioms":["propext","Quot.sound"],"declaration":"FindimCounterexample.FiniteQuotients.four_ne_middle._simp_1","module":"FindimCounterexample.FiniteQuotients","theorem":true}
{"axioms":[],"declaration":"FindimCounterexample.SelectionGroup.Word.S","module":"FindimCounterexample.SelectionGroup","theorem":false}
{"axioms":["propext","Classical.choice","Quot.sound"],"declaration":"FindimCounterexample.Stage3cFractions.exists_equalising_denominator_finset","module":"FindimCounterexample.Stage3cFractions","theorem":true}
{"axioms":["propext","Classical.choice","Quot.sound"],"declaration":"FindimCounterexample.Stage4aRank.homBiprodEquiv._proof_5","module":"FindimCounterexample.Stage4aRank","theorem":true}
{"axioms":["propext","Classical.choice","Quot.sound"],"declaration":"FindimCounterexample.Stage3cKaroubi.shiftToKaroubiIso_inv_naturality_assoc","module":"FindimCounterexample.Stage3cKaroubi","theorem":true}
{"axioms":[],"declaration":"FindimCounterexample.FiniteQuotients.Coordinates","module":"FindimCounterexample.FiniteQuotientCenter","theorem":false}
{"axioms":["propext","Quot.sound"],"declaration":"FindimCounterexample.Transpose.presentationCokernelEquivSyzygy._proof_6","module":"FindimCounterexample.Transpose","theorem":true}
{"axioms":["propext","Classical.choice","Quot.sound"],"declaration":"FindimCounterexample.SelectionGroup.alpha_z","module":"FindimCounterexample.SelectionShift","theorem":true}
{"axioms":[],"declaration":"FindimCounterexample.SelectionGroup.Root.casesOn","module":"FindimCounterexample.SelectionGroup","theorem":false}
{"axioms":[],"declaration":"FindimCounterexample.SelectionGroup.Word.W","module":"FindimCounterexample.SelectionGroup","theorem":false}
{"axioms":["propext","Classical.choice","Quot.sound"],"declaration":"FindimCounterexample.FiniteQuotientRing.t_inv_val","module":"FindimCounterexample.FiniteQuotientRing","theorem":true}
{"axioms":["propext","Classical.choice","Quot.sound"],"declaration":"FindimCounterexample.Stage4a.Toda.DefiningSystem.mk.noConfusion","module":"FindimCounterexample.Stage4aToda","theorem":false}
{"axioms":["propext","Classical.choice","Quot.sound"],"declaration":"FindimCounterexample.Stage4a.PolynomialSelfExtensions.left_mul_tau_bijective","module":"FindimCounterexample.Stage4aInterface","theorem":true}
{"axioms":["propext","Classical.choice","Quot.sound"],"declaration":"FindimCounterexample.MatrixTransvections.e_inv","module":"FindimCounterexample.MatrixTransvections","theorem":true}
{"axioms":["propext","Quot.sound"],"declaration":"FindimCounterexample.SelectionFinite.relationWord.eq_8","module":"FindimCounterexample.SelectionFinitePresentation","theorem":true}
{"axioms":["propext","Quot.sound"],"declaration":"FindimCounterexample.SelectionGroup.step.eq_1","module":"FindimCounterexample.SelectionCentral","theorem":true}
{"axioms":["propext","Quot.sound"],"declaration":"FindimCounterexample.FiniteQuotients.middle._proof_2","module":"FindimCounterexample.FiniteQuotients","theorem":true}
{"axioms":["propext","Classical.choice","Quot.sound"],"declaration":"FindimCounterexample.Stage4a.Toda.bracket_eq_of_distinguished_cones","module":"FindimCounterexample.Stage4aToda","theorem":true}
{"axioms":["propext","Classical.choice","Quot.sound"],"declaration":"FindimCounterexample.SelectionFinite.presentationEquiv_root0","module":"FindimCounterexample.SelectionPresentation","theorem":true}
{"axioms":["propext","Classical.choice","Quot.sound"],"declaration":"FindimCounterexample.StrongNakayama.projective_zero","module":"FindimCounterexample.StrongNakayama","theorem":true}
{"axioms":["propext","Classical.choice","Quot.sound"],"declaration":"FindimCounterexample.SelectionFinite.uu0","module":"FindimCounterexample.SelectionFinitePresentation","theorem":true}
{"axioms":["propext","Classical.choice","Quot.sound"],"declaration":"FindimCounterexample.Stage4aRank.shifted_biprod_row_zero","module":"FindimCounterexample.Stage4aRank","theorem":true}
{"axioms":["propext","Classical.choice","Quot.sound"],"declaration":"FindimCounterexample.SelectionFinite.W0","module":"FindimCounterexample.SelectionFinitePresentation","theorem":false}
{"axioms":[],"declaration":"FindimCounterexample.SelectionGroup.Generator.ctorIdx","module":"FindimCounterexample.SelectionGroup","theorem":false}
{"axioms":["propext","Classical.choice","Quot.sound"],"declaration":"FindimCounterexample.Stage4a.TateDuality.mk.noConfusion","module":"FindimCounterexample.Stage4aInterface","theorem":false}
{"axioms":[],"declaration":"_private.FindimCounterexample.SelectionCentral.0.FindimCounterexample.SelectionGroup.instFintypeRoot.match_5.eq_2","module":"FindimCounterexample.SelectionCentral","theorem":true}
{"axioms":["propext"],"declaration":"FindimCounterexample.SelectionFinite.RelatorIndex.uv.injEq","module":"FindimCounterexample.SelectionFinitePresentation","theorem":true}
{"axioms":["propext","Quot.sound"],"declaration":"FindimCounterexample.Stage4a.TateDuality.composition_reindexed._proof_1","module":"FindimCounterexample.Stage4aInterface","theorem":true}
{"axioms":["propext","Classical.choice","Quot.sound"],"declaration":"FindimCounterexample.MatrixTransvections.coe_diag_inv","module":"FindimCounterexample.MatrixTransvections","theorem":true}
{"axioms":[],"declaration":"FindimCounterexample.SelectionGroup.instDecidableEqRoot.decEq._proof_4","module":"FindimCounterexample.SelectionGroup","theorem":true}
{"axioms":["propext","Classical.choice","Quot.sound"],"declaration":"FindimCounterexample.FiniteQuotients.coordinates._proof_2","module":"FindimCounterexample.FiniteQuotientCenter","theorem":true}
{"axioms":["propext","Classical.choice","Quot.sound"],"declaration":"_private.FindimCounterexample.SelectionDirectSum.0.FindimCounterexample.SelectionGroup.zmod_two_cases","module":"FindimCounterexample.SelectionDirectSum","theorem":true}
{"axioms":["propext","Classical.choice","Quot.sound"],"declaration":"FindimCounterexample.StrongNakayama.unbounded_of_ext","module":"FindimCounterexample.StrongNakayamaExt","theorem":true}
{"axioms":["propext","Classical.choice","Quot.sound"],"declaration":"FindimCounterexample.SelectionFinite.toG","module":"FindimCounterexample.SelectionPresentation","theorem":false}
{"axioms":[],"declaration":"FindimCounterexample.SelectionGroup.instDecidableEqGenerator.decEq._proof_5","module":"FindimCounterexample.SelectionGroup","theorem":true}
{"axioms":["propext","Classical.choice","Quot.sound"],"declaration":"FindimCounterexample.ModuleResolution.augmentation._proof_2","module":"FindimCounterexample.ModuleResolution","theorem":true}
{"axioms":[],"declaration":"_private.FindimCounterexample.SelectionFiniteOrbits.0.FindimCounterexample.SelectionFinite.base.match_1.eq_2","module":"FindimCounterexample.SelectionFiniteOrbits","theorem":true}
{"axioms":["propext","Quot.sound"],"declaration":"FindimCounterexample.FiniteQuotients.row_ne_col","module":"FindimCounterexample.FiniteQuotients","theorem":true}
{"axioms":["propext","Classical.choice","Quot.sound"],"declaration":"FindimCounterexample.SelectionFinite.wv0","module":"FindimCounterexample.SelectionFinitePresentation","theorem":true}
{"axioms":[],"declaration":"FindimCounterexample.SelectionGroup.Generator._sizeOf_1","module":"FindimCounterexample.SelectionGroup","theorem":false}
{"axioms":["propext","Classical.choice","Quot.sound"],"declaration":"FindimCounterexample.FiniteQuotients.root_u_sq","module":"FindimCounterexample.FiniteQuotients","theorem":true}
{"axioms":["propext","Classical.choice","Quot.sound"],"declaration":"FindimCounterexample.Stage3cOddDouble.firstDouble._proof_2","module":"FindimCounterexample.Stage3cOddDouble","theorem":true}
{"axioms":["propext","Classical.choice","Quot.sound"],"declaration":"FindimCounterexample.Transpose.presentationCokernelEquivSyzygy","module":"FindimCounterexample.Transpose","theorem":false}
{"axioms":["propext","Classical.choice","Quot.sound"],"declaration":"FindimCounterexample.Stage3cKaroubi.karoubi_hasBinaryBiproducts","module":"FindimCounterexample.Stage3cKaroubi","theorem":true}
{"axioms":[],"declaration":"FindimCounterexample.SelectionFinite.generatorToG.match_1","module":"FindimCounterexample.SelectionPresentation","theorem":false}
{"axioms":["propext"],"declaration":"FindimCounterexample.SelectionFinite.RelatorIndex.torus_u.injEq","module":"FindimCounterexample.SelectionFinitePresentation","theorem":true}
{"axioms":["propext","Classical.choice","Quot.sound"],"declaration":"FindimCounterexample.SelectionGroup.commutator_transfer","module":"FindimCounterexample.SelectionCentral","theorem":true}
{"axioms":["propext","Classical.choice","Quot.sound"],"declaration":"FindimCounterexample.FiniteQuotientRing.eq_zero_of_all_sums._proof_1_1","module":"FindimCounterexample.FiniteQuotientSeparation","theorem":true}
{"axioms":["propext","Classical.choice","Quot.sound"],"declaration":"FindimCounterexample.Stage4a.PolynomialSelfExtensions.mk._flat_ctor","module":"FindimCounterexample.Stage4aInterface","theorem":false}
{"axioms":[],"declaration":"_private.FindimCounterexample.FiniteQuotients.0.FindimCounterexample.FiniteQuotients.row.match_1.eq_2","module":"FindimCounterexample.FiniteQuotients","theorem":true}
{"axioms":["propext","Classical.choice","Quot.sound"],"declaration":"FindimCounterexample.Stage4a.PolynomialSelfExtensions.right_mul_tau_bijective_nonneg","module":"FindimCounterexample.Stage4aInterface","theorem":true}
{"axioms":["propext"],"declaration":"FindimCounterexample.SelectionFinite.RelatorIndex.torus_w_pair.injEq","module":"FindimCounterexample.SelectionFinitePresentation","theorem":true}
{"axioms":["propext","Classical.choice","Quot.sound"],"declaration":"FindimCounterexample.Stage4a.Toda.indeterminacy._abel_1","module":"FindimCounterexample.Stage4aToda","theorem":true}
{"axioms":[],"declaration":"FindimCounterexample.SelectionGroup.instDecidableEqRoot","module":"FindimCounterexample.SelectionGroup","theorem":false}
{"axioms":["propext","Quot.sound"],"declaration":"FindimCounterexample.SelectionGroup.Relator.casesOn","module":"FindimCounterexample.SelectionGroup","theorem":false}
{"axioms":[],"declaration":"FindimCounterexample.SelectionFinite.RelatorIndex._sizeOf_inst","module":"FindimCounterexample.SelectionFinitePresentation","theorem":false}
{"axioms":["propext","Quot.sound"],"declaration":"FindimCounterexample.SelectionGroup.Relator.vv","module":"FindimCounterexample.SelectionGroup","theorem":false}
{"axioms":["propext","Classical.choice","Quot.sound"],"declaration":"FindimCounterexample.Stage4a.shiftHomEquiv_apply","module":"FindimCounterexample.Stage4aShift","theorem":true}
{"axioms":["propext","Classical.choice","Quot.sound"],"declaration":"FindimCounterexample.SelectionGroup.uu","module":"FindimCounterexample.SelectionGroup","theorem":true}
{"axioms":["propext","Classical.choice","Quot.sound"],"declaration":"FindimCounterexample.FiniteQuotients.pi.congr_simp","module":"FindimCounterexample.SelectionIndependence","theorem":true}
{"axioms":["propext","Classical.choice","Quot.sound"],"declaration":"FindimCounterexample.SelectionFinite.conjugation_zero","module":"FindimCounterexample.SelectionFiniteOrbits","theorem":true}
{"axioms":["propext","Classical.choice","Quot.sound"],"declaration":"FindimCounterexample.StrongNakayama.projectiveDimension_eq_of_ext","module":"FindimCounterexample.StrongNakayamaExt","theorem":true}
{"axioms":[],"declaration":"_private.FindimCounterexample.SelectionCentral.0.FindimCounterexample.SelectionGroup.instFintypeRoot.match_5.eq_3","module":"FindimCounterexample.SelectionCentral","theorem":true}
{"axioms":["propext","Classical.choice","Quot.sound"],"declaration":"FindimCounterexample.ModuleResolution.complex_X","module":"FindimCounterexample.ModuleResolution","theorem":true}
{"axioms":[],"declaration":"FindimCounterexample.SelectionGroup.Generator.root.elim","module":"FindimCounterexample.SelectionGroup","theorem":false}
{"axioms":[],"declaration":"FindimCounterexample.SelectionGroup.Root.v.sizeOf_spec","module":"FindimCounterexample.SelectionGroup","theorem":true}
{"axioms":["propext","Quot.sound"],"declaration":"_private.FindimCounterexample.SelectionCentral.0.FindimCounterexample.SelectionGroup.commutator_eq_of_ne._proof_1_1","module":"FindimCounterexample.SelectionCentral","theorem":true}
{"axioms":["propext","Classical.choice","Quot.sound"],"declaration":"FindimCounterexample.MatrixTransvections.diag_conjugate_e","module":"FindimCounterexample.MatrixTransvections","theorem":true}
{"axioms":["propext","Classical.choice","Quot.sound"],"declaration":"FindimCounterexample.SelectionFinite.fromG_T","module":"FindimCounterexample.SelectionFiniteRelations","theorem":true}
{"axioms":["propext","Classical.choice","Quot.sound"],"declaration":"FindimCounterexample.ProjectiveCoresolution.mk.inj","module":"FindimCounterexample.Coresolution","theorem":true}
{"axioms":["propext","Quot.sound"],"declaration":"FindimCounterexample.Stage4aRank.homBiprodEquiv._proof_1","module":"FindimCounterexample.Stage4aRank","theorem":true}
{"axioms":[],"declaration":"FindimCounterexample.SelectionFinite.RelatorIndex.recOn","module":"FindimCounterexample.SelectionFinitePresentation","theorem":false}
{"axioms":["propext","Quot.sound"],"declaration":"FindimCounterexample.SelectionGroup.Relator.uv","module":"FindimCounterexample.SelectionGroup","theorem":false}
{"axioms":["propext","Classical.choice","Quot.sound"],"declaration":"FindimCounterexample.FiniteQuotientRing.basis_apply","module":"FindimCounterexample.FiniteQuotientRing","theorem":true}
{"axioms":["propext","Classical.choice","Quot.sound"],"declaration":"FindimCounterexample.Stage3cConeSplitting.coneSplittingIso","module":"FindimCounterexample.Stage3cConeSplitting","theorem":false}
{"axioms":["propext","Classical.choice","Quot.sound"],"declaration":"FindimCounterexample.Stage4aRank.hom_range_eq_ker","module":"FindimCounterexample.Stage4aRank","theorem":true}
{"axioms":["propext","Quot.sound"],"declaration":"FindimCounterexample.FiniteQuotients.row.eq_3","module":"FindimCounterexample.FiniteQuotients","theorem":true}
{"axioms":["propext","Classical.choice","Quot.sound"],"declaration":"FindimCounterexample.SelectionFinite.toG._proof_1","module":"FindimCounterexample.SelectionPresentation","theorem":true}
{"axioms":[],"declaration":"FindimCounterexample.SelectionFinite.RelatorIndex.noConfusion","module":"FindimCounterexample.SelectionFinitePresentation","theorem":false}
{"axioms":["propext","Classical.choice","Quot.sound"],"declaration":"FindimCounterexample.SelectionFinite.toG_T","module":"FindimCounterexample.SelectionPresentation","theorem":true}
{"axioms":["propext","Quot.sound"],"declaration":"FindimCounterexample.SelectionTorus.conjugate_zpow_shift","module":"FindimCounterexample.SelectionTorus","theorem":true}
{"axioms":["propext","Classical.choice","Quot.sound"],"declaration":"FindimCounterexample.SelectionFinite.base_commute","module":"FindimCounterexample.SelectionFiniteOrbits","theorem":true}
{"axioms":["propext","Classical.choice","Quot.sound"],"declaration":"FindimCounterexample.Stage4a.PolynomialSelfExtensions.finrank_multiple","module":"FindimCounterexample.Stage4aInterface","theorem":true}
{"axioms":["propext","Classical.choice","Quot.sound"],"declaration":"FindimCounterexample.Stage3cOddDouble.shiftedDecomposition._proof_2","module":"FindimCounterexample.Stage3cOddDouble","theorem":true}
{"axioms":["propext","Classical.choice","Quot.sound"],"declaration":"FindimCounterexample.SelectionFinite.family.eq_1","module":"FindimCounterexample.SelectionFiniteOrbits","theorem":true}
{"axioms":["propext","Quot.sound"],"declaration":"FindimCounterexample.SelectionFinite.relationWord.eq_6","module":"FindimCounterexample.SelectionFinitePresentation","theorem":true}
{"axioms":["propext","Classical.choice","Quot.sound"],"declaration":"FindimCounterexample.SelectionGroup.shifted.eq_2","module":"FindimCounterexample.SelectionShift","theorem":true}
{"axioms":["propext","Classical.choice","Quot.sound"],"declaration":"FindimCounterexample.ModuleResolution.augmentation","module":"FindimCounterexample.ModuleResolution","theorem":false}
{"axioms":["propext","Classical.choice","Quot.sound"],"declaration":"FindimCounterexample.SelectionFinite.family","module":"FindimCounterexample.SelectionFiniteOrbits","theorem":false}
{"axioms":["propext","Classical.choice","Quot.sound"],"declaration":"FindimCounterexample.Stage4a.PolynomialSelfExtensions.noConfusionType","module":"FindimCounterexample.Stage4aInterface","theorem":false}
{"axioms":["propext","Classical.choice","Quot.sound"],"declaration":"FindimCounterexample.SelectionGroup.wv","module":"FindimCounterexample.SelectionGroup","theorem":true}
{"axioms":[],"declaration":"_private.FindimCounterexample.SelectionCentral.0.FindimCounterexample.SelectionGroup.instFintypeRoot.match_5.splitter","module":"FindimCounterexample.SelectionCentral","theorem":false}
{"axioms":["propext","Classical.choice","Quot.sound"],"declaration":"FindimCounterexample.FiniteQuotients.z_mem_center_range","module":"FindimCounterexample.FiniteQuotientCenter","theorem":true}
{"axioms":["propext","Classical.choice","Quot.sound"],"declaration":"FindimCounterexample.ModuleResolution.complex_exactAt_succ","module":"FindimCounterexample.ModuleResolution","theorem":true}
{"axioms":["propext","Classical.choice","Quot.sound"],"declaration":"FindimCounterexample.SelectionFinite.fromG_S","module":"FindimCounterexample.SelectionFiniteRelations","theorem":true}
{"axioms":["propext","Quot.sound"],"declaration":"FindimCounterexample.FiniteQuotients.col.eq_1","module":"FindimCounterexample.FiniteQuotients","theorem":true}
{"axioms":[],"declaration":"FindimCounterexample.SelectionGroup.Generator.ctorElimType","module":"FindimCounterexample.SelectionGroup","theorem":false}
{"axioms":["propext","Classical.choice","Quot.sound"],"declaration":"FindimCounterexample.SelectionCommutator.central_commutator_sq_eq_one","module":"FindimCounterexample.SelectionCommutator","theorem":true}
{"axioms":["propext","Classical.choice","Quot.sound"],"declaration":"FindimCounterexample.SelectionGroup.shiftHom_V","module":"FindimCounterexample.SelectionShift","theorem":true}
{"axioms":["propext","Quot.sound"],"declaration":"FindimCounterexample.ProjectiveCoresolution.hasProjectiveDimensionLE._proof_1_1","module":"FindimCounterexample.Coresolution","theorem":true}
{"axioms":[],"declaration":"FindimCounterexample.SelectionFinite.RelatorIndex.wu.inj","module":"FindimCounterexample.SelectionFinitePresentation","theorem":true}
{"axioms":["propext","Classical.choice","Quot.sound"],"declaration":"FindimCounterexample.SelectionGroup.w_commute_z","module":"FindimCounterexample.SelectionCentral","theorem":true}
{"axioms":["propext","Quot.sound"],"declaration":"FindimCounterexample.Stage4a.Cone.oneCone_pi_bijective._proof_1_1","module":"FindimCounterexample.Stage4aCone","theorem":true}
{"axioms":[],"declaration":"FindimCounterexample.SelectionGroup.Root.u.inj","module":"FindimCounterexample.SelectionGroup","theorem":true}
{"axioms":["propext","Classical.choice","Quot.sound"],"declaration":"FindimCounterexample.Stage4a.TateDuality.ctorIdx","module":"FindimCounterexample.Stage4aInterface","theorem":false}
{"axioms":["propext","Classical.choice","Quot.sound"],"declaration":"FindimCounterexample.SelectionGroup.centralProduct_apply","module":"FindimCounterexample.SelectionDirectSum","theorem":true}
{"axioms":["propext","Classical.choice","Quot.sound"],"declaration":"_private.FindimCounterexample.FiniteQuotientCenter.0.FindimCounterexample.FiniteQuotients.zmod_two_cases","module":"FindimCounterexample.FiniteQuotientCenter","theorem":true}
{"axioms":["propext","Classical.choice","Quot.sound"],"declaration":"FindimCounterexample.Stage4aRank.homBiprodEquiv","module":"FindimCounterexample.Stage4aRank","theorem":false}
{"axioms":["propext"],"declaration":"FindimCounterexample.SelectionFinite.toG._simp_5","module":"FindimCounterexample.SelectionPresentation","theorem":true}
{"axioms":["propext","Quot.sound"],"declaration":"FindimCounterexample.SelectionFinite.relationWord.eq_7","module":"FindimCounterexample.SelectionFinitePresentation","theorem":true}
{"axioms":[],"declaration":"FindimCounterexample.SelectionFinite.RelatorIndex.torus.sizeOf_spec","module":"FindimCounterexample.SelectionFinitePresentation","theorem":true}
{"axioms":["propext","Classical.choice","Quot.sound"],"declaration":"FindimCounterexample.ProjectiveCoresolution.projective","module":"FindimCounterexample.Coresolution","theorem":true}
{"axioms":["propext","Classical.choice","Quot.sound"],"declaration":"FindimCounterexample.SelectionFinite.torus.eq_1","module":"FindimCounterexample.SelectionFiniteRelations","theorem":true}
{"axioms":["propext","Classical.choice","Quot.sound"],"declaration":"FindimCounterexample.ResolutionExt.ext_zero_iff_injective","module":"FindimCounterexample.ResolutionExt","theorem":true}
{"axioms":[],"declaration":"FindimCounterexample.SelectionGroup.Root._sizeOf_1","module":"FindimCounterexample.SelectionGroup","theorem":false}
{"axioms":["propext","Classical.choice","Quot.sound"],"declaration":"FindimCounterexample.StrongNakayama.coresolution","module":"FindimCounterexample.StrongNakayama","theorem":false}
{"axioms":[],"declaration":"FindimCounterexample.SelectionGroup.Generator.root.inj","module":"FindimCounterexample.SelectionGroup","theorem":true}
{"axioms":["propext","Quot.sound"],"declaration":"FindimCounterexample.Stage4a.HigherObstruction.bracket_eq_zero_of_vanishings._proof_1_2","module":"FindimCounterexample.Stage4aHigherObstruction","theorem":true}
{"axioms":["propext","Quot.sound"],"declaration":"FindimCounterexample.Stage4a.PolynomialSelfExtensions._proof_1","module":"FindimCounterexample.Stage4aInterface","theorem":true}
{"axioms":[],"declaration":"FindimCounterexample.SelectionFinite.RelatorIndex.rec","module":"FindimCounterexample.SelectionFinitePresentation","theorem":false}
{"axioms":[],"declaration":"FindimCounterexample.SelectionFinite.RelatorIndex.uw.elim","module":"FindimCounterexample.SelectionFinitePresentation","theorem":false}
{"axioms":["propext","Quot.sound"],"declaration":"FindimCounterexample.SelectionFinite.relationWord.eq_13","module":"FindimCounterexample.SelectionFinitePresentation","theorem":true}
{"axioms":["propext","Classical.choice","Quot.sound"],"declaration":"FindimCounterexample.SelectionGroup.beta_apply","module":"FindimCounterexample.SelectionShift","theorem":true}
{"axioms":[],"declaration":"FindimCounterexample.SelectionFinite.RelatorIndex.torus","module":"FindimCounterexample.SelectionFinitePresentation","theorem":false}
{"axioms":["propext","Quot.sound"],"declaration":"FindimCounterexample.Stage4a.Cone.oneCone_i_bijective._proof_1_1","module":"FindimCounterexample.Stage4aCone","theorem":true}
{"axioms":["propext","Classical.choice","Quot.sound"],"declaration":"FindimCounterexample.Stage4a.shiftHomEquiv","module":"FindimCounterexample.Stage4aShift","theorem":false}
{"axioms":["propext","Classical.choice","Quot.sound"],"declaration":"FindimCounterexample.Stage4a.Toda.DefiningSystem.i_b","module":"FindimCounterexample.Stage4aToda","theorem":true}
{"axioms":["propext","Classical.choice","Quot.sound"],"declaration":"FindimCounterexample.Stage4a.PolynomialSelfExtensions.recOn","module":"FindimCounterexample.Stage4aInterface","theorem":false}
{"axioms":[],"declaration":"FindimCounterexample.SelectionGroup.Root.w.elim","module":"FindimCounterexample.SelectionGroup","theorem":false}
{"axioms":["propext"],"declaration":"FindimCounterexample.SelectionGroup.Generator.root.injEq","module":"FindimCounterexample.SelectionGroup","theorem":true}
{"axioms":["propext","Classical.choice","Quot.sound"],"declaration":"FindimCounterexample.ProjectiveCoresolution.not_hasProjectiveDimensionLT","module":"FindimCounterexample.Coresolution","theorem":true}
{"axioms":[],"declaration":"_private.FindimCounterexample.SelectionPresentation.0.FindimCounterexample.SelectionFinite.generatorToG.match_1.eq_2","module":"FindimCounterexample.SelectionPresentation","theorem":true}
{"axioms":["propext","Quot.sound"],"declaration":"FindimCounterexample.Stage4a.Cone.homMap_bijective_of_zeros._simp_1_1","module":"FindimCounterexample.Stage4aCone","theorem":true}
{"axioms":["propext"],"declaration":"FindimCounterexample.SelectionFinite.wv_transfer0._simp_1_15","module":"FindimCounterexample.SelectionFinitePresentation","theorem":true}
{"axioms":["propext","Classical.choice","Quot.sound"],"declaration":"FindimCounterexample.Stage3cKaroubi.coyoneda_exact₃","module":"FindimCounterexample.Stage3cKaroubi","theorem":true}
{"axioms":["propext"],"declaration":"FindimCounterexample.SelectionFinite.torus._proof_1","module":"FindimCounterexample.SelectionFiniteRelations","theorem":true}
{"axioms":[],"declaration":"FindimCounterexample.SelectionGroup.generatorMap.eq_1","module":"FindimCounterexample.SelectionGroup","theorem":true}
{"axioms":["propext","Classical.choice","Quot.sound"],"declaration":"FindimCounterexample.Stage4a.PolynomialSelfExtensions.basis_zero","module":"FindimCounterexample.Stage4aInterface","theorem":true}
{"axioms":["propext","Classical.choice","Quot.sound"],"declaration":"FindimCounterexample.StrongNakayama.ext_vanishing_iff_dual_exact","module":"FindimCounterexample.StrongNakayamaExt","theorem":true}
{"axioms":["propext","Classical.choice","Quot.sound"],"declaration":"FindimCounterexample.Stage4a.Toda.bracket_eq_coset._abel_1_2","module":"FindimCounterexample.Stage4aToda","theorem":true}
{"axioms":["propext","Classical.choice","Quot.sound"],"declaration":"FindimCounterexample.RingDual.freeDualEquiv._proof_4","module":"FindimCounterexample.Duality","theorem":true}
{"axioms":["propext","Classical.choice","Quot.sound"],"declaration":"FindimCounterexample.Stage4a.PolynomialSelfExtensions.ctorIdx","module":"FindimCounterexample.Stage4aInterface","theorem":false}
{"axioms":["propext","Classical.choice","Quot.sound"],"declaration":"FindimCounterexample.ProjectiveCoresolution.noConfusionType","module":"FindimCounterexample.Coresolution","theorem":false}
{"axioms":[],"declaration":"FindimCounterexample.SelectionGroup.Root.w.noConfusion","module":"FindimCounterexample.SelectionGroup","theorem":false}
{"axioms":["propext","Classical.choice","Quot.sound"],"declaration":"FindimCounterexample.SelectionFinite.u0_sq","module":"FindimCounterexample.SelectionFinitePresentation","theorem":true}
{"axioms":[],"declaration":"FindimCounterexample.SelectionGroup.Word.U","module":"FindimCounterexample.SelectionGroup","theorem":false}
{"axioms":["propext"],"declaration":"FindimCounterexample.SelectionGroup.Generator.torus.injEq","module":"FindimCounterexample.SelectionGroup","theorem":true}
{"axioms":["propext","Classical.choice","Quot.sound"],"declaration":"FindimCounterexample.Stage4a.Cone.exact₃","module":"FindimCounterexample.Stage4aCone","theorem":true}
{"axioms":["propext"],"declaration":"FindimCounterexample.SelectionFinite.RelatorIndex.torus_v.injEq","module":"FindimCounterexample.SelectionFinitePresentation","theorem":true}
{"axioms":["propext","Classical.choice","Quot.sound"],"declaration":"FindimCounterexample.SelectionFinite.family_uv","module":"FindimCounterexample.SelectionFiniteRelations","theorem":true}
{"axioms":["propext","Quot.sound"],"declaration":"FindimCounterexample.RingDual.eval._proof_8","module":"FindimCounterexample.Duality","theorem":true}
{"axioms":["propext","Classical.choice","Quot.sound"],"declaration":"FindimCounterexample.SelectionFinite.root0.eq_1","module":"FindimCounterexample.SelectionFinitePresentation","theorem":true}
{"axioms":[],"declaration":"FindimCounterexample.SelectionFinite.RelatorIndex.ctorElimType","module":"FindimCounterexample.SelectionFinitePresentation","theorem":false}
{"axioms":["propext","Classical.choice","Quot.sound"],"declaration":"FindimCounterexample.FiniteQuotients.pi_W_matrix","module":"FindimCounterexample.FiniteQuotients","theorem":true}
{"axioms":[],"declaration":"FindimCounterexample.SelectionGroup.instDecidableEqRoot.decEq._proof_1","module":"FindimCounterexample.SelectionGroup","theorem":true}
{"axioms":["propext","Classical.choice","Quot.sound"],"declaration":"FindimCounterexample.Stage4a.Toda.DefiningSystem.recOn","module":"FindimCounterexample.Stage4aToda","theorem":false}
{"axioms":["propext","Classical.choice","Quot.sound"],"declaration":"FindimCounterexample.SelectionGroup.commutator_eq_of_sum","module":"FindimCounterexample.SelectionCentral","theorem":true}
{"axioms":[],"declaration":"_private.FindimCounterexample.SelectionFiniteOrbits.0.FindimCounterexample.SelectionGroup.instFintypeRoot.match_5.eq_2","module":"FindimCounterexample.SelectionFiniteOrbits","theorem":true}
{"axioms":["propext","Classical.choice","Quot.sound"],"declaration":"FindimCounterexample.FiniteQuotients.ambientCoordinates_injective","module":"FindimCounterexample.FiniteQuotientCenter","theorem":true}
{"axioms":["propext","Classical.choice","Quot.sound"],"declaration":"FindimCounterexample.SelectionGroup.shiftHom_W","module":"FindimCounterexample.SelectionShift","theorem":true}
{"axioms":["propext","Classical.choice","Quot.sound"],"declaration":"FindimCounterexample.FiniteQuotients.pi_V_matrix","module":"FindimCounterexample.FiniteQuotients","theorem":true}
{"axioms":["propext","Quot.sound"],"declaration":"FindimCounterexample.Stage4aRank.scalarDifference._proof_1","module":"FindimCounterexample.Stage4aRank","theorem":true}
{"axioms":["propext","Quot.sound"],"declaration":"FindimCounterexample.ModuleResolution.homDifferential._proof_3","module":"FindimCounterexample.ModuleResolutionExt","theorem":true}
{"axioms":["propext","Classical.choice","Quot.sound"],"declaration":"FindimCounterexample.MatrixTransvections.e_zero","module":"FindimCounterexample.MatrixTransvections","theorem":true}
{"axioms":["propext","Classical.choice","Quot.sound"],"declaration":"FindimCounterexample.SelectionFinite.family_uu","module":"FindimCounterexample.SelectionFiniteRelations","theorem":true}
{"axioms":["propext","Quot.sound"],"declaration":"FindimCounterexample.Stage4a.HigherObstruction.polynomial_toda_eq_zero._proof_1_1","module":"FindimCounterexample.Stage4aHigherObstruction","theorem":true}
{"axioms":["propext","Quot.sound"],"declaration":"FindimCounterexample.SelectionFinite.relationWord.eq_9","module":"FindimCounterexample.SelectionFinitePresentation","theorem":true}
{"axioms":["propext","Quot.sound"],"declaration":"FindimCounterexample.FiniteQuotients.zero_ne_middle._simp_1","module":"FindimCounterexample.FiniteQuotients","theorem":true}
{"axioms":["propext","Classical.choice","Quot.sound"],"declaration":"FindimCounterexample.Stage4a.PolynomialSelfExtensions.tau_ne_zero","module":"FindimCounterexample.Stage4aInterface","theorem":true}
{"axioms":["propext","Classical.choice","Quot.sound"],"declaration":"FindimCounterexample.SelectionGroup.u_commute_z","module":"FindimCounterexample.SelectionCentral","theorem":true}
{"axioms":[],"declaration":"FindimCounterexample.SelectionGroup.Root","module":"FindimCounterexample.SelectionGroup","theorem":false}
{"axioms":["propext","Quot.sound"],"declaration":"FindimCounterexample.Stage4a.PolynomialSelfExtensions.right_mul_tau_surjective._proof_1_1","module":"FindimCounterexample.Stage4aInterface","theorem":true}
{"axioms":["propext","Classical.choice","Quot.sound"],"declaration":"FindimCounterexample.FiniteQuotientRing.t","module":"FindimCounterexample.FiniteQuotientRing","theorem":false}
{"axioms":["propext","Quot.sound"],"declaration":"FindimCounterexample.Stage4a.HigherObstruction.polynomial_toda_eq_zero_gt_three._proof_1_3","module":"FindimCounterexample.Stage4aHigherObstruction","theorem":true}
{"axioms":["propext","Classical.choice","Quot.sound"],"declaration":"FindimCounterexample.SelectionGroup.shifted.eq_3","module":"FindimCounterexample.SelectionShift","theorem":true}
{"axioms":["propext","Classical.choice","Quot.sound"],"declaration":"FindimCounterexample.SelectionGroup.beta_zero","module":"FindimCounterexample.SelectionShift","theorem":true}
{"axioms":[],"declaration":"FindimCounterexample.SelectionFinite.RelatorIndex.uw","module":"FindimCounterexample.SelectionFinitePresentation","theorem":false}
{"axioms":["propext","Classical.choice","Quot.sound"],"declaration":"FindimCounterexample.Stage4aRank.finrank_eq_two_of_exact","module":"FindimCounterexample.Stage4aRank","theorem":true}
{"axioms":["propext","Classical.choice","Quot.sound"],"declaration":"FindimCounterexample.FiniteQuotientRing.basis_eq_tPow","module":"FindimCounterexample.FiniteQuotientRing","theorem":true}
{"axioms":["propext","Classical.choice","Quot.sound"],"declaration":"FindimCounterexample.SelectionGroup.U","module":"FindimCounterexample.SelectionGroup","theorem":false}
{"axioms":["propext","Classical.choice","Quot.sound"],"declaration":"FindimCounterexample.Stage4a.PolynomialSelfExtensions.right_mul_tau_bijective_negative","module":"FindimCounterexample.Stage4aInterface","theorem":true}
{"axioms":["propext","Classical.choice","Quot.sound"],"declaration":"FindimCounterexample.FiniteQuotients.coordinates_range","module":"FindimCounterexample.FiniteQuotientCenter","theorem":true}
{"axioms":[],"declaration":"FindimCounterexample.SelectionFinite.RelatorIndex.wu.elim","module":"FindimCounterexample.SelectionFinitePresentation","theorem":false}
{"axioms":[],"declaration":"FindimCounterexample.SelectionFinite.RelatorIndex.uv.noConfusion","module":"FindimCounterexample.SelectionFinitePresentation","theorem":false}
{"axioms":["propext","Classical.choice","Quot.sound"],"declaration":"FindimCounterexample.FiniteQuotientRing.basis.eq_1","module":"FindimCounterexample.FiniteQuotientRing","theorem":true}
{"axioms":["propext","Classical.choice","Quot.sound"],"declaration":"FindimCounterexample.Stage4a.Toda.bracket_subset_of_cone_iso","module":"FindimCounterexample.Stage4aToda","theorem":true}
{"axioms":[],"declaration":"_private.FindimCounterexample.SelectionFinitePresentation.0.FindimCounterexample.SelectionFinite.instFintypeRelatorIndex.match_5.splitter","module":"FindimCounterexample.SelectionFinitePresentation","theorem":false}
{"axioms":[],"declaration":"FindimCounterexample.Transpose.syzygy.match_1","module":"FindimCounterexample.Transpose","theorem":false}
{"axioms":["propext","Classical.choice","Quot.sound"],"declaration":"FindimCounterexample.Stage4a.HigherObstruction.polynomial_toda_eq_zero","module":"FindimCounterexample.Stage4aHigherObstruction","theorem":true}
{"axioms":["propext","Quot.sound"],"declaration":"FindimCounterexample.FiniteQuotients.col.eq_2","module":"FindimCounterexample.FiniteQuotients","theorem":true}
{"axioms":[],"declaration":"FindimCounterexample.SelectionGroup.Root.ctorElimType","module":"FindimCounterexample.SelectionGroup","theorem":false}
{"axioms":["propext","Classical.choice","Quot.sound"],"declaration":"FindimCounterexample.FiniteQuotientRing.basis","module":"FindimCounterexample.FiniteQuotientRing","theorem":false}
{"axioms":["propext","Classical.choice","Quot.sound"],"declaration":"FindimCounterexample.Stage4a.subsingleton_shiftHom","module":"FindimCounterexample.Stage4aShift","theorem":true}
{"axioms":["propext","Classical.choice","Quot.sound"],"declaration":"FindimCounterexample.ResolutionExt.ext_succ_iff_cocycles_boundaries","module":"FindimCounterexample.ResolutionExt","theorem":true}
{"axioms":["propext","Classical.choice","Quot.sound"],"declaration":"FindimCounterexample.Stage4a.Cone.homMap.eq_1","module":"FindimCounterexample.Stage4aCone","theorem":true}
{"axioms":["propext","Classical.choice","Quot.sound"],"declaration":"FindimCounterexample.FiniteQuotients.coordinates","module":"FindimCounterexample.FiniteQuotientCenter","theorem":false}
{"axioms":["propext","Classical.choice","Quot.sound"],"declaration":"FindimCounterexample.Stage4a.Cone.connecting.eq_1","module":"FindimCounterexample.Stage4aCone","theorem":true}
{"axioms":["propext","Classical.choice","Quot.sound"],"declaration":"FindimCounterexample.Stage4a.TateDuality","module":"FindimCounterexample.Stage4aInterface","theorem":false}
{"axioms":["propext","Classical.choice","Quot.sound"],"declaration":"FindimCounterexample.SelectionGroup.shiftHom._proof_5","module":"FindimCounterexample.SelectionShift","theorem":true}
{"axioms":["propext","Classical.choice","Quot.sound"],"declaration":"FindimCounterexample.ProjectiveCoresolution.mk._flat_ctor","module":"FindimCounterexample.Coresolution","theorem":false}
{"axioms":["propext","Classical.choice","Quot.sound"],"declaration":"FindimCounterexample.Stage4a.PolynomialSelfExtensions._sizeOf_1","module":"FindimCounterexample.Stage4aInterface","theorem":false}
{"axioms":["propext","Classical.choice","Quot.sound"],"declaration":"FindimCounterexample.Stage3cOddDouble.complement_matrix","module":"FindimCounterexample.Stage3cOddDouble","theorem":true}
{"axioms":[],"declaration":"FindimCounterexample.SelectionGroup.Root.u","module":"FindimCounterexample.SelectionGroup","theorem":false}
{"axioms":["propext","Quot.sound"],"declaration":"FindimCounterexample.Stage4a.TateDuality.right_comp_bijective._proof_1_1","module":"FindimCounterexample.Stage4aInterface","theorem":true}
{"axioms":["propext","Classical.choice","Quot.sound"],"declaration":"FindimCounterexample.Stage4a.PolynomialSelfExtensions.leftMulTau._proof_4","module":"FindimCounterexample.Stage4aInterface","theorem":true}
{"axioms":["propext","Classical.choice","Quot.sound"],"declaration":"FindimCounterexample.ModuleResolution.complex","module":"FindimCounterexample.ModuleResolution","theorem":false}
{"axioms":[],"declaration":"FindimCounterexample.ExactCoresolution.cok.match_1","module":"FindimCounterexample.ExactCoresolution","theorem":false}
{"axioms":[],"declaration":"FindimCounterexample.SelectionGroup.Generator.casesOn","module":"FindimCounterexample.SelectionGroup","theorem":false}
{"axioms":["propext","Classical.choice","Quot.sound"],"declaration":"FindimCounterexample.ProjectiveCoresolution._sizeOf_inst","module":"FindimCounterexample.Coresolution","theorem":false}
{"axioms":["propext","Classical.choice","Quot.sound"],"declaration":"FindimCounterexample.SelectionGroup.z_eq","module":"FindimCounterexample.SelectionCentral","theorem":true}
{"axioms":["propext","Quot.sound"],"declaration":"FindimCounterexample.SelectionFinite.relationWord.eq_3","module":"FindimCounterexample.SelectionFinitePresentation","theorem":true}
{"axioms":[],"declaration":"FindimCounterexample.SelectionFinite.RelatorIndex.torus.inj","module":"FindimCounterexample.SelectionFinitePresentation","theorem":true}
{"axioms":[],"declaration":"_private.FindimCounterexample.FiniteQuotients.0.FindimCounterexample.FiniteQuotients.row.match_1.eq_1","module":"FindimCounterexample.FiniteQuotients","theorem":true}
{"axioms":["propext","Classical.choice","Quot.sound"],"declaration":"FindimCounterexample.FiniteQuotients.finite_F","module":"FindimCounterexample.FiniteQuotients","theorem":true}
{"axioms":[],"declaration":"FindimCounterexample.SelectionGroup.Generator.torus.inj","module":"FindimCounterexample.SelectionGroup","theorem":true}
{"axioms":[],"declaration":"FindimCounterexample.SelectionGroup.instDecidableEqRoot.decEq","module":"FindimCounterexample.SelectionGroup","theorem":false}
{"axioms":["propext","Classical.choice","Quot.sound"],"declaration":"FindimCounterexample.ModuleResolution.complex.eq_1","module":"FindimCounterexample.ModuleResolution","theorem":true}
{"axioms":["propext","Classical.choice","Quot.sound"],"declaration":"FindimCounterexample.RingDual.split_of_dual_split","module":"FindimCounterexample.Duality","theorem":true}
{"axioms":["propext","Classical.choice","Quot.sound"],"declaration":"FindimCounterexample.FiniteQuotientRing.sum_pow_injective._simp_1_1","module":"FindimCounterexample.FiniteQuotientRing","theorem":true}
{"axioms":["propext"],"declaration":"FindimCounterexample.SelectionFinite.RelatorIndex.wv_transfer.injEq","module":"FindimCounterexample.SelectionFinitePresentation","theorem":true}
{"axioms":["propext","Quot.sound"],"declaration":"FindimCounterexample.SelectionGroup.Relator","module":"FindimCounterexample.SelectionGroup","theorem":false}
{"axioms":["propext","Classical.choice","Quot.sound"],"declaration":"FindimCounterexample.SelectionFinite.instFintypeRelatorIndex","module":"FindimCounterexample.SelectionFinitePresentation","theorem":false}
{"axioms":[],"declaration":"FindimCounterexample.SelectionGroup.instDecidableEqGenerator.decEq","module":"FindimCounterexample.SelectionGroup","theorem":false}
{"axioms":["propext","Classical.choice","Quot.sound"],"declaration":"FindimCounterexample.Stage4a.Toda.DefiningSystem.b","module":"FindimCounterexample.Stage4aToda","theorem":false}
{"axioms":["propext","Classical.choice","Quot.sound"],"declaration":"FindimCounterexample.SelectionGroup.cyclic","module":"FindimCounterexample.SelectionDirectSum","theorem":false}
{"axioms":[],"declaration":"FindimCounterexample.SelectionGroup.generatorMap.eq_2","module":"FindimCounterexample.SelectionGroup","theorem":true}
{"axioms":["propext","Classical.choice","Quot.sound"],"declaration":"FindimCounterexample.SelectionFinite.U0","module":"FindimCounterexample.SelectionFinitePresentation","theorem":false}
{"axioms":["propext","Classical.choice","Quot.sound"],"declaration":"FindimCounterexample.SelectionFinite.torus_conjugation","module":"FindimCounterexample.SelectionFiniteRelations","theorem":true}
{"axioms":["propext","Classical.choice","Quot.sound"],"declaration":"FindimCounterexample.Stage4a.TateDuality.mk","module":"FindimCounterexample.Stage4aInterface","theorem":false}
{"axioms":["propext","Classical.choice","Quot.sound"],"declaration":"FindimCounterexample.SelectionGroup.conjugation","module":"FindimCounterexample.SelectionGroup","theorem":true}
{"axioms":["propext","Quot.sound"],"declaration":"FindimCounterexample.Stage4a.Cone.oneCone_subsingleton._proof_1_3","module":"FindimCounterexample.Stage4aCone","theorem":true}
{"axioms":["propext"],"declaration":"FindimCounterexample.SelectionFinite.RelatorIndex.wu.injEq","module":"FindimCounterexample.SelectionFinitePresentation","theorem":true}
{"axioms":["propext","Classical.choice","Quot.sound"],"declaration":"FindimCounterexample.SelectionGroup.beta_add","module":"FindimCounterexample.SelectionShift","theorem":true}
{"axioms":[],"declaration":"FindimCounterexample.SelectionGroup.Word.V","module":"FindimCounterexample.SelectionGroup","theorem":false}
{"axioms":["propext","Classical.choice","Quot.sound"],"declaration":"FindimCounterexample.FiniteQuotients.ambientCoordinates_range_le","module":"FindimCounterexample.FiniteQuotientCenter","theorem":true}
{"axioms":["propext","Classical.choice","Quot.sound"],"declaration":"FindimCounterexample.Stage4a.TateDuality.composition","module":"FindimCounterexample.Stage4aInterface","theorem":true}
{"axioms":["propext","Quot.sound"],"declaration":"FindimCounterexample.StrongNakayama.dualDifferential","module":"FindimCounterexample.StrongNakayama","theorem":false}
{"axioms":["propext","Classical.choice","Quot.sound"],"declaration":"FindimCounterexample.FiniteQuotientRing.tPow_mul_neg","module":"FindimCounterexample.FiniteQuotientRing","theorem":true}
{"axioms":["propext","Classical.choice","Quot.sound"],"declaration":"FindimCounterexample.SelectionGroup.generator_commute_z","module":"FindimCounterexample.SelectionCentral","theorem":true}
{"axioms":[],"declaration":"FindimCounterexample.SelectionFinite.RelatorIndex.ctorIdx","module":"FindimCounterexample.SelectionFinitePresentation","theorem":false}
{"axioms":["propext","Quot.sound"],"declaration":"FindimCounterexample.Transpose.presentationCokernelEquivSyzygy._proof_5","module":"FindimCounterexample.Transpose","theorem":true}
{"axioms":["propext","Classical.choice","Quot.sound"],"declaration":"FindimCounterexample.ProjectiveCoresolution.w","module":"FindimCounterexample.Coresolution","theorem":true}
{"axioms":["propext","Quot.sound"],"declaration":"FindimCounterexample.SelectionFinite.relations","module":"FindimCounterexample.SelectionFinitePresentation","theorem":false}
{"axioms":["propext","Quot.sound"],"declaration":"_private.FindimCounterexample.SelectionCentral.0.FindimCounterexample.SelectionGroup.commutator_eq_of_ne._proof_1_2","module":"FindimCounterexample.SelectionCentral","theorem":true}
{"axioms":["propext","Classical.choice","Quot.sound"],"declaration":"FindimCounterexample.Stage4a.PolynomialSelfExtensions.mk.sizeOf_spec","module":"FindimCounterexample.Stage4aInterface","theorem":true}
{"axioms":["propext","Quot.sound"],"declaration":"FindimCounterexample.SelectionFinite.relationWord.eq_10","module":"FindimCounterexample.SelectionFinitePresentation","theorem":true}
{"axioms":["propext","Classical.choice","Quot.sound"],"declaration":"FindimCounterexample.MatrixTransvections.coe_diag","module":"FindimCounterexample.MatrixTransvections","theorem":true}
{"axioms":["propext","Classical.choice","Quot.sound"],"declaration":"FindimCounterexample.Stage4a.Cone.oneCone_profile","module":"FindimCounterexample.Stage4aCone","theorem":true}
{"axioms":["propext","Classical.choice","Quot.sound"],"declaration":"FindimCounterexample.RingDual.freeDualEquiv","module":"FindimCounterexample.Duality","theorem":false}
{"axioms":[],"declaration":"FindimCounterexample.SelectionGroup.instDecidableEqGenerator.decEq._proof_6","module":"FindimCounterexample.SelectionGroup","theorem":true}
{"axioms":["propext","Classical.choice","Quot.sound"],"declaration":"FindimCounterexample.Stage4aRank.scalarDifference_not_surjective","module":"FindimCounterexample.Stage4aRank","theorem":true}
{"axioms":["propext","Classical.choice","Quot.sound"],"declaration":"FindimCounterexample.SelectionGroup.zCentral","module":"FindimCounterexample.SelectionDirectSum","theorem":false}
{"axioms":["propext","Classical.choice","Quot.sound"],"declaration":"FindimCounterexample.Stage4aRank.homBiprodEquiv._proof_3","module":"FindimCounterexample.Stage4aRank","theorem":true}
{"axioms":[],"declaration":"FindimCounterexample.SelectionGroup.Generator","module":"FindimCounterexample.SelectionGroup","theorem":false}
{"axioms":[],"declaration":"_private.FindimCounterexample.FiniteQuotients.0.FindimCounterexample.FiniteQuotients.row.match_1.splitter","module":"FindimCounterexample.FiniteQuotients","theorem":false}
{"axioms":[],"declaration":"FindimCounterexample.SelectionGroup.Generator.root.noConfusion","module":"FindimCounterexample.SelectionGroup","theorem":false}
{"axioms":["propext","Quot.sound"],"declaration":"FindimCounterexample.Stage4a.HigherObstruction.polynomial_toda_eq_zero_gt_three._proof_1_4","module":"FindimCounterexample.Stage4aHigherObstruction","theorem":true}
{"axioms":["propext","Classical.choice","Quot.sound"],"declaration":"FindimCounterexample.SelectionGroup.shiftHom","module":"FindimCounterexample.SelectionShift","theorem":false}
{"axioms":["propext","Classical.choice","Quot.sound"],"declaration":"FindimCounterexample.Stage4a.shiftHomEquiv._proof_1","module":"FindimCounterexample.Stage4aShift","theorem":true}
{"axioms":["propext","Classical.choice","Quot.sound"],"declaration":"FindimCounterexample.ModuleResolution.complex_d_succ","module":"FindimCounterexample.ModuleResolution","theorem":true}
{"axioms":[],"declaration":"FindimCounterexample.SelectionFinite.RelatorIndex.uu.elim","module":"FindimCounterexample.SelectionFinitePresentation","theorem":false}
{"axioms":["propext","Classical.choice","Quot.sound"],"declaration":"FindimCounterexample.FiniteQuotientRing.tPow_periodic","module":"FindimCounterexample.FiniteQuotientRing","theorem":true}
{"axioms":["propext","Classical.choice","Quot.sound"],"declaration":"FindimCounterexample.SelectionFinite.generatorToG.eq_1","module":"FindimCounterexample.SelectionPresentation","theorem":true}
{"axioms":["propext","Quot.sound"],"declaration":"FindimCounterexample.FiniteQuotients.row.eq_1","module":"FindimCounterexample.FiniteQuotients","theorem":true}
{"axioms":[],"declaration":"FindimCounterexample.SelectionFinite.RelatorIndex.torus_u.sizeOf_spec","module":"FindimCounterexample.SelectionFinitePresentation","theorem":true}
{"axioms":["propext","Classical.choice","Quot.sound"],"declaration":"FindimCounterexample.Stage4a.TateDuality.finrank_complement","module":"FindimCounterexample.Stage4aInterface","theorem":true}
{"axioms":[],"declaration":"_private.FindimCounterexample.SelectionFiniteOrbits.0.FindimCounterexample.SelectionGroup.instFintypeRoot.match_5.eq_3","module":"FindimCounterexample.SelectionFiniteOrbits","theorem":true}
{"axioms":["propext","Classical.choice","Quot.sound"],"declaration":"_private.FindimCounterexample.SelectionFinitePresentation.0.FindimCounterexample.SelectionFinite.relator_eq_one","module":"FindimCounterexample.SelectionFinitePresentation","theorem":true}
{"axioms":["propext","Classical.choice","Quot.sound"],"declaration":"FindimCounterexample.FiniteQuotientRing.basis.congr_simp","module":"FindimCounterexample.FiniteQuotientRing","theorem":true}
{"axioms":["propext","Classical.choice","Quot.sound"],"declaration":"FindimCounterexample.SelectionGroup.directSumEquiv","module":"FindimCounterexample.SelectionIndependence","theorem":false}
{"axioms":["propext","Quot.sound"],"declaration":"FindimCounterexample.FiniteQuotients.col.eq_3","module":"FindimCounterexample.FiniteQuotients","theorem":true}
{"axioms":["propext","Classical.choice","Quot.sound"],"declaration":"FindimCounterexample.FiniteQuotients.coordinates_coe","module":"FindimCounterexample.FiniteQuotientCenter","theorem":true}
{"axioms":["propext","Classical.choice","Quot.sound"],"declaration":"FindimCounterexample.ProjectiveCoresolution.noConfusion","module":"FindimCounterexample.Coresolution","theorem":false}
{"axioms":["propext","Classical.choice","Quot.sound"],"declaration":"FindimCounterexample.Stage4a.Toda.DefiningSystem.mk.inj","module":"FindimCounterexample.Stage4aToda","theorem":true}
{"axioms":[],"declaration":"FindimCounterexample.SelectionFinite.RelatorIndex.wv_transfer.noConfusion","module":"FindimCounterexample.SelectionFinitePresentation","theorem":false}
{"axioms":["propext","Quot.sound"],"declaration":"FindimCounterexample.SelectionGroup.Relator.wv","module":"FindimCounterexample.SelectionGroup","theorem":false}
{"axioms":["propext","Classical.choice","Quot.sound"],"declaration":"FindimCounterexample.SelectionFinite.P","module":"FindimCounterexample.SelectionFinitePresentation","theorem":false}
{"axioms":[],"declaration":"FindimCounterexample.SelectionGroup.instDecidableEqGenerator.decEq._proof_3","module":"FindimCounterexample.SelectionGroup","theorem":true}
{"axioms":["propext","Quot.sound"],"declaration":"FindimCounterexample.Stage4a.Cone.oneCone_composite_zero._proof_1_3","module":"FindimCounterexample.Stage4aCone","theorem":true}
{"axioms":["propext","Classical.choice","Quot.sound"],"declaration":"FindimCounterexample.Stage4a.PolynomialSelfExtensions.rightMulTau","module":"FindimCounterexample.Stage4aInterface","theorem":false}
{"axioms":[],"declaration":"FindimCounterexample.SelectionFinite.RelatorIndex.uv.elim","module":"FindimCounterexample.SelectionFinitePresentation","theorem":false}
{"axioms":[],"declaration":"FindimCounterexample.RingDual.LeftDual","module":"FindimCounterexample.Duality","theorem":false}
{"axioms":["propext","Classical.choice","Quot.sound"],"declaration":"FindimCounterexample.Stage3cKaroubi.shiftToKaroubiIso_hom_f","module":"FindimCounterexample.Stage3cKaroubi","theorem":true}
{"axioms":["propext","Classical.choice","Quot.sound"],"declaration":"FindimCounterexample.Stage4a.Toda.DefiningSystem.mk.injEq","module":"FindimCounterexample.Stage4aToda","theorem":true}
{"axioms":["propext","Quot.sound"],"declaration":"FindimCounterexample.Transpose.presentedModule._proof_1","module":"FindimCounterexample.Transpose","theorem":true}
{"axioms":["propext","Classical.choice","Quot.sound"],"declaration":"FindimCounterexample.Stage4a.Toda.definingSystem_nonempty","module":"FindimCounterexample.Stage4aToda","theorem":true}
{"axioms":[],"declaration":"_private.FindimCounterexample.SelectionFinitePresentation.0.FindimCounterexample.SelectionFinite.instFintypeRelatorIndex.match_5.eq_9","module":"FindimCounterexample.SelectionFinitePresentation","theorem":true}
{"axioms":["propext"],"declaration":"FindimCounterexample.SelectionCommutator.transfer","module":"FindimCounterexample.SelectionCommutator","theorem":true}
{"axioms":["propext","Classical.choice","Quot.sound"],"declaration":"FindimCounterexample.SelectionFinite.uv0","module":"FindimCounterexample.SelectionFinitePresentation","theorem":true}
{"axioms":["propext"],"declaration":"FindimCounterexample.SelectionGroup.Root.w.injEq","module":"FindimCounterexample.SelectionGroup","theorem":true}
{"axioms":[],"declaration":"FindimCounterexample.FiniteQuotients.row.match_1","module":"FindimCounterexample.FiniteQuotients","theorem":false}
{"axioms":["propext","Classical.choice","Quot.sound"],"declaration":"FindimCounterexample.StrongNakayama.coresolution._proof_2","module":"FindimCounterexample.StrongNakayama","theorem":true}
{"axioms":[],"declaration":"_private.FindimCounterexample.SelectionFinitePresentation.0.FindimCounterexample.SelectionFinite.instFintypeRelatorIndex.match_5.eq_8","module":"FindimCounterexample.SelectionFinitePresentation","theorem":true}
{"axioms":["propext","Classical.choice","Quot.sound"],"declaration":"FindimCounterexample.SelectionGroup.beta_U","module":"FindimCounterexample.SelectionShift","theorem":true}
{"axioms":["propext"],"declaration":"FindimCounterexample.SelectionFinite.RelatorIndex.torus_w_third.injEq","module":"FindimCounterexample.SelectionFinitePresentation","theorem":true}
{"axioms":[],"declaration":"FindimCounterexample.SelectionGroup.instDecidableEqGenerator.decEq.match_1","module":"FindimCounterexample.SelectionGroup","theorem":false}
{"axioms":["propext","Classical.choice","Quot.sound"],"declaration":"FindimCounterexample.Transpose.presentationCokernelEquivSyzygy._proof_7","module":"FindimCounterexample.Transpose","theorem":true}
{"axioms":["propext","Classical.choice","Quot.sound"],"declaration":"FindimCounterexample.ModuleResolution.augmentation_quasiIso","module":"FindimCounterexample.ModuleResolution","theorem":true}
{"axioms":[],"declaration":"FindimCounterexample.SelectionGroup.Root.rec","module":"FindimCounterexample.SelectionGroup","theorem":false}
{"axioms":["propext","Classical.choice","Quot.sound"],"declaration":"FindimCounterexample.SelectionFinite.torus_w_pair","module":"FindimCounterexample.SelectionFinitePresentation","theorem":true}
{"axioms":["propext","Classical.choice","Quot.sound"],"declaration":"FindimCounterexample.Stage4a.Toda.DefiningSystem.a","module":"FindimCounterexample.Stage4aToda","theorem":false}
{"axioms":["propext","Classical.choice","Quot.sound"],"declaration":"FindimCounterexample.Stage4a.Toda.bracket_eq_singleton","module":"FindimCounterexample.Stage4aToda","theorem":true}
{"axioms":[],"declaration":"_private.FindimCounterexample.SelectionFinitePresentation.0.FindimCounterexample.SelectionFinite.instFintypeRelatorIndex.match_5.eq_2","module":"FindimCounterexample.SelectionFinitePresentation","theorem":true}
{"axioms":[],"declaration":"FindimCounterexample.SelectionFinite.RelatorIndex.torus_w_third.noConfusion","module":"FindimCounterexample.SelectionFinitePresentation","theorem":false}
{"axioms":["propext","Quot.sound"],"declaration":"FindimCounterexample.FiniteQuotients.middle_ne_four._simp_1","module":"FindimCounterexample.FiniteQuotients","theorem":true}
{"axioms":["propext","Classical.choice","Quot.sound"],"declaration":"FindimCounterexample.RingDual.dual_expansion","module":"FindimCounterexample.Duality","theorem":true}
{"axioms":["propext","Classical.choice","Quot.sound"],"declaration":"FindimCounterexample.Stage3cConeSplitting.nonempty_iso_of_hom_exact","module":"FindimCounterexample.Stage3cConeSplitting","theorem":true}
{"axioms":[],"declaration":"FindimCounterexample.SelectionFinite.RelatorIndex.wv","module":"FindimCounterexample.SelectionFinitePresentation","theorem":false}
{"axioms":["propext","Quot.sound"],"declaration":"FindimCounterexample.Stage4a.HigherObstruction.bracket_eq_zero_of_vanishings._proof_1_1","module":"FindimCounterexample.Stage4aHigherObstruction","theorem":true}
{"axioms":["propext","Quot.sound"],"declaration":"FindimCounterexample.Stage4a.PolynomialSelfExtensions.leftMulTau._proof_1","module":"FindimCounterexample.Stage4aInterface","theorem":true}
{"axioms":["propext","Classical.choice","Quot.sound"],"declaration":"FindimCounterexample.FiniteQuotients.pi_S","module":"FindimCounterexample.FiniteQuotients","theorem":true}
{"axioms":["propext","Quot.sound"],"declaration":"FindimCounterexample.Transpose.presentationCokernelEquivSyzygy._proof_2","module":"FindimCounterexample.Transpose","theorem":true}
{"axioms":["propext","Classical.choice","Quot.sound"],"declaration":"FindimCounterexample.Stage4a.TateDuality.right_comp_injective","module":"FindimCounterexample.Stage4aInterface","theorem":true}
{"axioms":["propext","Quot.sound"],"declaration":"FindimCounterexample.ModuleResolution.homDifferential._proof_1","module":"FindimCounterexample.ModuleResolutionExt","theorem":true}
{"axioms":["propext","Classical.choice","Quot.sound"],"declaration":"FindimCounterexample.FiniteQuotients.pi_z_matrix","module":"FindimCounterexample.FiniteQuotients","theorem":true}
{"axioms":["propext","Classical.choice","Quot.sound"],"declaration":"FindimCounterexample.Stage4a.PolynomialSelfExtensions.left_mul_tau_bijective_nonneg","module":"FindimCounterexample.Stage4aInterface","theorem":true}
{"axioms":["propext","Classical.choice","Quot.sound"],"declaration":"FindimCounterexample.Stage4a.PolynomialSelfExtensions.basis_mul","module":"FindimCounterexample.Stage4aInterface","theorem":true}
{"axioms":["propext","Classical.choice","Quot.sound"],"declaration":"FindimCounterexample.Stage4a.HigherObstruction.polynomial_toda_eq_zero_gt_three","module":"FindimCounterexample.Stage4aHigherObstruction","theorem":true}
{"axioms":[],"declaration":"FindimCounterexample.SelectionFinite.RelatorIndex.involution.noConfusion","module":"FindimCounterexample.SelectionFinitePresentation","theorem":false}
{"axioms":[],"declaration":"_private.FindimCounterexample.SelectionFiniteOrbits.0.FindimCounterexample.SelectionFinite.base.match_1.splitter","module":"FindimCounterexample.SelectionFiniteOrbits","theorem":false}
{"axioms":["propext","Classical.choice","Quot.sound"],"declaration":"FindimCounterexample.RingDual.eval_bijective_free","module":"FindimCounterexample.Duality","theorem":true}
{"axioms":["propext","Classical.choice","Quot.sound"],"declaration":"FindimCounterexample.Stage3cConeSplitting.coneSplittingIso._proof_3","module":"FindimCounterexample.Stage3cConeSplitting","theorem":true}
{"axioms":["propext","Classical.choice","Quot.sound"],"declaration":"FindimCounterexample.FiniteQuotients.Z.eq_1","module":"FindimCounterexample.FiniteQuotientCenter","theorem":true}
{"axioms":["propext","Classical.choice","Quot.sound"],"declaration":"FindimCounterexample.FiniteQuotientRing.linearCombination.eq_1","module":"FindimCounterexample.FiniteQuotientRing","theorem":true}
{"axioms":["propext","Classical.choice","Quot.sound"],"declaration":"FindimCounterexample.Stage3cKaroubi.shiftToKaroubiIso_naturality_assoc","module":"FindimCounterexample.Stage3cKaroubi","theorem":true}
{"axioms":[],"declaration":"FindimCounterexample.SelectionFinite.RelatorIndex.torus_u.inj","module":"FindimCounterexample.SelectionFinitePresentation","theorem":true}
{"axioms":[],"declaration":"FindimCounterexample.SelectionGroup.Index","module":"FindimCounterexample.SelectionGroup","theorem":false}
{"axioms":[],"declaration":"_private.FindimCounterexample.SelectionPresentation.0.FindimCounterexample.SelectionFinite.generatorToG.match_1.eq_1","module":"FindimCounterexample.SelectionPresentation","theorem":true}
{"axioms":["propext","Classical.choice","Quot.sound"],"declaration":"FindimCounterexample.SelectionGroup.shiftHom._proof_1","module":"FindimCounterexample.SelectionShift","theorem":true}
{"axioms":["propext","Quot.sound"],"declaration":"FindimCounterexample.StrongNakayama.homRightDualEquiv._proof_1","module":"FindimCounterexample.StrongNakayamaExt","theorem":true}
{"axioms":["propext","Classical.choice","Quot.sound"],"declaration":"FindimCounterexample.Stage4a.shiftHomEquiv.eq_1","module":"FindimCounterexample.Stage4aShift","theorem":true}
{"axioms":["propext","Classical.choice","Quot.sound"],"declaration":"FindimCounterexample.SelectionGroup.V","module":"FindimCounterexample.SelectionGroup","theorem":false}
{"axioms":["propext","Classical.choice","Quot.sound"],"declaration":"FindimCounterexample.ProjectiveCoresolution.ι","module":"FindimCounterexample.Coresolution","theorem":false}
{"axioms":["propext","Classical.choice","Quot.sound"],"declaration":"FindimCounterexample.Stage4a.TateDuality.comp_smul","module":"FindimCounterexample.Stage4aInterface","theorem":true}
{"axioms":[],"declaration":"FindimCounterexample.SelectionFinite.Word.U0","module":"FindimCounterexample.SelectionFinitePresentation","theorem":false}
{"axioms":[],"declaration":"FindimCounterexample.SelectionFinite.Word.W0","module":"FindimCounterexample.SelectionFinitePresentation","theorem":false}
{"axioms":["propext","Quot.sound"],"declaration":"FindimCounterexample.FiniteQuotientRing.eq_zero_of_bounded_sum._proof_1","module":"FindimCounterexample.FiniteQuotientSeparation","theorem":true}
{"axioms":["propext","Quot.sound"],"declaration":"FindimCounterexample.RingDual.freeDualEquiv._proof_1","module":"FindimCounterexample.Duality","theorem":true}
{"axioms":["propext","Classical.choice","Quot.sound"],"declaration":"FindimCounterexample.SelectionGroup.G","module":"FindimCounterexample.SelectionGroup","theorem":false}
{"axioms":["propext","Quot.sound"],"declaration":"FindimCounterexample.Stage4a.HigherObstruction.polynomial_toda_eq_zero_gt_three._proof_1_7","module":"FindimCounterexample.Stage4aHigherObstruction","theorem":true}
{"axioms":[],"declaration":"_private.FindimCounterexample.SelectionGroup.0.FindimCounterexample.SelectionGroup.generatorMap.match_1.splitter","module":"FindimCounterexample.SelectionGroup","theorem":false}
{"axioms":[],"declaration":"_private.FindimCounterexample.SelectionFinitePresentation.0.FindimCounterexample.SelectionFinite.instFintypeRelatorIndex.match_5.eq_10","module":"FindimCounterexample.SelectionFinitePresentation","theorem":true}
{"axioms":["propext","Classical.choice","Quot.sound"],"declaration":"FindimCounterexample.SelectionGroup.centralSubgroup_map","module":"FindimCounterexample.SelectionDirectSum","theorem":true}
{"axioms":["propext","Classical.choice","Quot.sound"],"declaration":"FindimCounterexample.SelectionFinite.presentationEquiv","module":"FindimCounterexample.SelectionPresentation","theorem":false}
{"axioms":["propext","Classical.choice","Quot.sound"],"declaration":"FindimCounterexample.Stage4a.PolynomialSelfExtensions.right_mul_tau_injective","module":"FindimCounterexample.Stage4aInterface","theorem":true}
{"axioms":["propext","Classical.choice","Quot.sound"],"declaration":"FindimCounterexample.SelectionGroup.shiftHom_T","module":"FindimCounterexample.SelectionShift","theorem":true}
{"axioms":["Quot.sound"],"declaration":"FindimCounterexample.Stage4a.subsingleton_hom_of_iso","module":"FindimCounterexample.Stage4aShift","theorem":true}
{"axioms":["propext","Classical.choice","Quot.sound"],"declaration":"FindimCounterexample.SelectionFinite.generatorToG.eq_2","module":"FindimCounterexample.SelectionPresentation","theorem":true}
{"axioms":["propext","Classical.choice","Quot.sound"],"declaration":"FindimCounterexample.Stage4a.TateDuality.noConfusionType","module":"FindimCounterexample.Stage4aInterface","theorem":false}
{"axioms":["propext","Classical.choice","Quot.sound"],"declaration":"FindimCounterexample.ProjectiveCoresolution._sizeOf_1","module":"FindimCounterexample.Coresolution","theorem":false}
{"axioms":["propext","Classical.choice","Quot.sound"],"declaration":"FindimCounterexample.Stage4a.Cone.normalized_subsingleton","module":"FindimCounterexample.Stage4aCone","theorem":true}
{"axioms":["propext","Quot.sound"],"declaration":"FindimCounterexample.StrongNakayama.homDifferential_eq_dualDifferential","module":"FindimCounterexample.StrongNakayamaExt","theorem":true}
{"axioms":["propext","Classical.choice","Quot.sound"],"declaration":"FindimCounterexample.SelectionGroup.coefficientSum.congr_simp","module":"FindimCounterexample.SelectionIndependence","theorem":true}
{"axioms":["propext","Classical.choice","Quot.sound"],"declaration":"FindimCounterexample.Stage4a.TateDuality.mk.sizeOf_spec","module":"FindimCounterexample.Stage4aInterface","theorem":true}
{"axioms":["propext","Classical.choice","Quot.sound"],"declaration":"FindimCounterexample.Stage4a.Cone.deshiftTau._proof_1","module":"FindimCounterexample.Stage4aCone","theorem":true}
{"axioms":["propext","Classical.choice","Quot.sound"],"declaration":"FindimCounterexample.FiniteQuotientRing.linearCombination_single","module":"FindimCounterexample.FiniteQuotientRing","theorem":true}
{"axioms":[],"declaration":"FindimCounterexample.SelectionFinite.RelatorIndex.proxyTypeEquiv","module":"FindimCounterexample.SelectionFinitePresentation","theorem":false}
{"axioms":["propext","Classical.choice","Quot.sound"],"declaration":"FindimCounterexample.FiniteQuotients.pi","module":"FindimCounterexample.FiniteQuotients","theorem":false}
{"axioms":[],"declaration":"FindimCounterexample.SelectionFinite.RelatorIndex.torus_w_third","module":"FindimCounterexample.SelectionFinitePresentation","theorem":false}
{"axioms":[],"declaration":"FindimCounterexample.SelectionFinite.RelatorIndex.uu","module":"FindimCounterexample.SelectionFinitePresentation","theorem":false}
{"axioms":[],"declaration":"FindimCounterexample.SelectionFinite.RelatorIndex.vv.inj","module":"FindimCounterexample.SelectionFinitePresentation","theorem":true}
{"axioms":["propext","Quot.sound"],"declaration":"FindimCounterexample.RingDual.freeDualEquiv._proof_2","module":"FindimCounterexample.Duality","theorem":true}
{"axioms":["propext","Quot.sound"],"declaration":"FindimCounterexample.Transpose.presentationCokernelEquivSyzygy._proof_3","module":"FindimCounterexample.Transpose","theorem":true}
{"axioms":["propext","Classical.choice","Quot.sound"],"declaration":"FindimCounterexample.FiniteQuotientRing.tPow","module":"FindimCounterexample.FiniteQuotientRing","theorem":false}
{"axioms":["propext","Classical.choice","Quot.sound"],"declaration":"FindimCounterexample.SelectionGroup.zCentral_coe","module":"FindimCounterexample.SelectionDirectSum","theorem":true}
{"axioms":["propext","Quot.sound"],"declaration":"FindimCounterexample.RingDual.RightDual","module":"FindimCounterexample.Duality","theorem":false}
{"axioms":[],"declaration":"FindimCounterexample.SelectionFinite.RelatorIndex.torus.noConfusion","module":"FindimCounterexample.SelectionFinitePresentation","theorem":false}
{"axioms":["propext","Classical.choice","Quot.sound"],"declaration":"FindimCounterexample.SelectionFinite.conjugation","module":"FindimCounterexample.SelectionFiniteOrbits","theorem":true}
{"axioms":["propext","Classical.choice","Quot.sound"],"declaration":"FindimCounterexample.SelectionFinite.presentationEquiv_T","module":"FindimCounterexample.SelectionPresentation","theorem":true}
{"axioms":["propext","Classical.choice","Quot.sound"],"declaration":"FindimCounterexample.Stage3cFractions.exists_annihilating_denominator","module":"FindimCounterexample.Stage3cFractions","theorem":true}
{"axioms":["propext","Classical.choice","Quot.sound"],"declaration":"FindimCounterexample.ExactCoresolution.range_inclusion","module":"FindimCounterexample.ExactCoresolution","theorem":true}
{"axioms":["propext","Classical.choice","Quot.sound"],"declaration":"FindimCounterexample.FiniteQuotients.centerEquiv","module":"FindimCounterexample.FiniteQuotientCenter","theorem":false}
{"axioms":["propext","Classical.choice","Quot.sound"],"declaration":"FindimCounterexample.FiniteQuotientRing.monic","module":"FindimCounterexample.FiniteQuotientRing","theorem":true}
{"axioms":["propext","Classical.choice","Quot.sound"],"declaration":"FindimCounterexample.FiniteQuotients.pi_U_matrix","module":"FindimCounterexample.FiniteQuotients","theorem":true}
{"axioms":["propext","Classical.choice","Quot.sound"],"declaration":"FindimCounterexample.FiniteQuotientRing.root","module":"FindimCounterexample.FiniteQuotientRing","theorem":false}
{"axioms":["propext","Classical.choice","Quot.sound"],"declaration":"FindimCounterexample.Stage4a.TateDuality.right_factorization","module":"FindimCounterexample.Stage4aInterface","theorem":true}
{"axioms":["propext","Quot.sound"],"declaration":"FindimCounterexample.Stage4a.PolynomialSelfExtensions.right_mul_tau_bijective_nonneg._proof_1_1","module":"FindimCounterexample.Stage4aInterface","theorem":true}
{"axioms":["propext","Classical.choice","Quot.sound"],"declaration":"FindimCounterexample.Stage4a.Toda.indeterminacy._proof_1","module":"FindimCounterexample.Stage4aToda","theorem":true}
{"axioms":["propext","Classical.choice","Quot.sound"],"declaration":"FindimCounterexample.Stage4a.Toda.bracket_eq_zero_of_factor","module":"FindimCounterexample.Stage4aToda","theorem":true}
{"axioms":[],"declaration":"FindimCounterexample.SelectionGroup.instDecidableEqRoot.decEq.match_1","module":"FindimCounterexample.SelectionGroup","theorem":false}
{"axioms":["propext","Classical.choice","Quot.sound"],"declaration":"FindimCounterexample.SelectionGroup.centralSubgroup","module":"FindimCounterexample.SelectionDirectSum","theorem":false}
{"axioms":["propext","Classical.choice","Quot.sound"],"declaration":"FindimCounterexample.Stage4a.PolynomialSelfExtensions.rightMulTau._proof_4","module":"FindimCounterexample.Stage4aInterface","theorem":true}
{"axioms":["propext","Classical.choice","Quot.sound"],"declaration":"FindimCounterexample.RingDual.eval_bijective","module":"FindimCounterexample.Duality","theorem":true}
{"axioms":["propext","Classical.choice","Quot.sound"],"declaration":"FindimCounterexample.Stage4a.Cone.connecting","module":"FindimCounterexample.Stage4aCone","theorem":false}
{"axioms":["propext","Classical.choice","Quot.sound"],"declaration":"FindimCounterexample.FiniteQuotients.diagonalEntry.eq_1","module":"FindimCounterexample.FiniteQuotients","theorem":true}
{"axioms":[],"declaration":"FindimCounterexample.SelectionFinite.Word.T","module":"FindimCounterexample.SelectionFinitePresentation","theorem":false}
{"axioms":["propext","Classical.choice","Quot.sound"],"declaration":"FindimCounterexample.SelectionGroup.shiftHom_U","module":"FindimCounterexample.SelectionShift","theorem":true}
{"axioms":["propext","Classical.choice","Quot.sound"],"declaration":"FindimCounterexample.SelectionGroup.pi_centralSum","module":"FindimCounterexample.SelectionIndependence","theorem":true}
{"axioms":["propext","Classical.choice","Quot.sound"],"declaration":"FindimCounterexample.Stage3cOddDouble.exists_odd_doubles","module":"FindimCounterexample.Stage3cOddDouble","theorem":true}
{"axioms":["propext","Quot.sound"],"declaration":"FindimCounterexample.ExactCoresolution.cok._proof_1","module":"FindimCounterexample.ExactCoresolution","theorem":true}
{"axioms":["propext"],"declaration":"FindimCounterexample.SelectionFinite.uw0._simp_1_15","module":"FindimCounterexample.SelectionFinitePresentation","theorem":true}
{"axioms":["propext","Quot.sound"],"declaration":"FindimCounterexample.Stage4a.Cone.oneCone_i_bijective._proof_1_2","module":"FindimCounterexample.Stage4aCone","theorem":true}
{"axioms":[],"declaration":"FindimCounterexample.SelectionFinite.RelatorIndex.torus_w_pair.noConfusion","module":"FindimCounterexample.SelectionFinitePresentation","theorem":false}
{"axioms":[],"declaration":"FindimCounterexample.SelectionFinite.RelatorIndex.wv.elim","module":"FindimCounterexample.SelectionFinitePresentation","theorem":false}
{"axioms":["propext","Classical.choice","Quot.sound"],"declaration":"FindimCounterexample.Stage4a.Cone.deshiftTau","module":"FindimCounterexample.Stage4aCone","theorem":false}
{"axioms":["propext","Classical.choice","Quot.sound"],"declaration":"FindimCounterexample.Stage4a.Cone.oneCone_subsingleton","module":"FindimCounterexample.Stage4aCone","theorem":true}
{"axioms":["propext","Classical.choice","Quot.sound"],"declaration":"FindimCounterexample.SelectionGroup.z","module":"FindimCounterexample.SelectionCentral","theorem":false}
{"axioms":["propext","Classical.choice","Quot.sound"],"declaration":"FindimCounterexample.Stage4a.PolynomialSelfExtensions.subsingleton_of_not_dvd","module":"FindimCounterexample.Stage4aInterface","theorem":true}
{"axioms":["propext","Classical.choice","Quot.sound"],"declaration":"FindimCounterexample.SelectionFinite.base.eq_1","module":"FindimCounterexample.SelectionFiniteOrbits","theorem":true}
{"axioms":["propext","Quot.sound"],"declaration":"FindimCounterexample.Transpose.presentationCokernelEquivSyzygy._proof_1","module":"FindimCounterexample.Transpose","theorem":true}
{"axioms":["propext","Quot.sound"],"declaration":"FindimCounterexample.SelectionGroup.Relator.uw","module":"FindimCounterexample.SelectionGroup","theorem":false}
{"axioms":["propext","Quot.sound"],"declaration":"FindimCounterexample.SelectionFinite.relationWord.eq_4","module":"FindimCounterexample.SelectionFinitePresentation","theorem":true}
{"axioms":["propext","Classical.choice","Quot.sound"],"declaration":"FindimCounterexample.FiniteQuotients.root_wv_transfer","module":"FindimCounterexample.FiniteQuotients","theorem":true}
{"axioms":["propext","Classical.choice","Quot.sound"],"declaration":"FindimCounterexample.StrongNakayama.unbounded","module":"FindimCounterexample.StrongNakayama","theorem":true}
{"axioms":["propext","Quot.sound"],"declaration":"FindimCounterexample.Stage4a.Cone.oneCone_subsingleton._proof_1_2","module":"FindimCounterexample.Stage4aCone","theorem":true}
{"axioms":["propext","Classical.choice","Quot.sound"],"declaration":"FindimCounterexample.Stage4a.PolynomialSelfExtensions.tau","module":"FindimCounterexample.Stage4aInterface","theorem":false}
{"axioms":["propext","Classical.choice","Quot.sound"],"declaration":"FindimCounterexample.SelectionGroup.shifted.eq_1","module":"FindimCounterexample.SelectionShift","theorem":true}
{"axioms":["propext","Classical.choice","Quot.sound"],"declaration":"FindimCounterexample.ProjectiveCoresolution.shortExact","module":"FindimCounterexample.Coresolution","theorem":true}
{"axioms":["propext","Quot.sound"],"declaration":"FindimCounterexample.SelectionGroup.lift._proof_1","module":"FindimCounterexample.SelectionGroup","theorem":true}
{"axioms":["propext","Classical.choice","Quot.sound"],"declaration":"FindimCounterexample.Transpose.presentedModule","module":"FindimCounterexample.Transpose","theorem":false}
{"axioms":["propext","Quot.sound"],"declaration":"FindimCounterexample.SelectionGroup.Relator.wv_transfer","module":"FindimCounterexample.SelectionGroup","theorem":false}
{"axioms":["propext","Classical.choice","Quot.sound"],"declaration":"FindimCounterexample.Stage4a.TateDuality.naturality_target","module":"FindimCounterexample.Stage4aInterface","theorem":true}
{"axioms":[],"declaration":"FindimCounterexample.SelectionFinite.RelatorIndex.torus_w_pair","module":"FindimCounterexample.SelectionFinitePresentation","theorem":false}
{"axioms":["propext","Classical.choice","Quot.sound"],"declaration":"FindimCounterexample.FiniteQuotientRing.instNontrivialS","module":"FindimCounterexample.FiniteQuotientRing","theorem":true}
{"axioms":["propext","Classical.choice","Quot.sound"],"declaration":"_private.FindimCounterexample.MatrixTransvections.0.FindimCounterexample.MatrixTransvections.diagonal_single_diagonal","module":"FindimCounterexample.MatrixTransvections","theorem":true}
{"axioms":[],"declaration":"FindimCounterexample.SelectionGroup.Root.u.elim","module":"FindimCounterexample.SelectionGroup","theorem":false}
{"axioms":["propext","Quot.sound"],"declaration":"FindimCounterexample.FiniteQuotients.middle_ne_four._proof_1_2","module":"FindimCounterexample.FiniteQuotients","theorem":true}
{"axioms":["propext","Classical.choice","Quot.sound"],"declaration":"FindimCounterexample.Stage3cOddDouble.firstDouble","module":"FindimCounterexample.Stage3cOddDouble","theorem":false}
{"axioms":["propext","Quot.sound"],"declaration":"_private.FindimCounterexample.Stage4bRankObstruction.0.FindimCounterexample.RankObstruction.dual_pow_apply","module":"FindimCounterexample.Stage4bRankObstruction","theorem":true}
{"axioms":["propext","Quot.sound"],"declaration":"FindimCounterexample.FiniteQuotients.row.eq_2","module":"FindimCounterexample.FiniteQuotients","theorem":true}
{"axioms":["propext","Quot.sound"],"declaration":"FindimCounterexample.RingDual.rightMap_comp","module":"FindimCounterexample.Duality","theorem":true}
{"axioms":["propext","Classical.choice","Quot.sound"],"declaration":"FindimCounterexample.Stage4a.left_comp_bijective_reindex","module":"FindimCounterexample.Stage4aInterface","theorem":true}
{"axioms":["propext","Classical.choice","Quot.sound"],"declaration":"FindimCounterexample.SelectionGroup.vv","module":"FindimCounterexample.SelectionGroup","theorem":true}
{"axioms":[],"declaration":"FindimCounterexample.SelectionGroup.generatorMap.match_1","module":"FindimCounterexample.SelectionGroup","theorem":false}
{"axioms":["propext","Classical.choice","Quot.sound"],"declaration":"FindimCounterexample.Stage4a.Cone.connecting_comp","module":"FindimCounterexample.Stage4aCone","theorem":true}
{"axioms":["propext","Quot.sound"],"declaration":"FindimCounterexample.RingDual.eval._proof_6","module":"FindimCounterexample.Duality","theorem":true}
{"axioms":[],"declaration":"FindimCounterexample.SelectionFinite.RelatorIndex.uu.inj","module":"FindimCounterexample.SelectionFinitePresentation","theorem":true}
{"axioms":["propext","Quot.sound"],"declaration":"FindimCounterexample.SelectionGroup.Relator.conjugation","module":"FindimCounterexample.SelectionGroup","theorem":false}
{"axioms":["propext","Classical.choice","Quot.sound"],"declaration":"FindimCounterexample.Stage4a.Cone.homMap_bijective_of_zeros","module":"FindimCounterexample.Stage4aCone","theorem":true}
{"axioms":["propext","Classical.choice","Quot.sound"],"declaration":"FindimCounterexample.SelectionGroup.lift_S","module":"FindimCounterexample.SelectionGroup","theorem":true}
{"axioms":["propext","Quot.sound"],"declaration":"FindimCounterexample.RingDual.leftMap._proof_3","module":"FindimCounterexample.Duality","theorem":true}
{"axioms":["propext","Quot.sound"],"declaration":"FindimCounterexample.RingDual.freeDualEquiv._proof_3","module":"FindimCounterexample.Duality","theorem":true}
{"axioms":["propext","Classical.choice","Quot.sound"],"declaration":"FindimCounterexample.Stage4a.PolynomialSelfExtensions.right_mul_tau_surjective","module":"FindimCounterexample.Stage4aInterface","theorem":true}
{"axioms":[],"declaration":"FindimCounterexample.SelectionFinite.RelatorIndex.vv.sizeOf_spec","module":"FindimCounterexample.SelectionFinitePresentation","theorem":true}
{"axioms":["propext","Classical.choice","Quot.sound"],"declaration":"FindimCounterexample.SelectionFinite.family_wv_transfer","module":"FindimCounterexample.SelectionFiniteRelations","theorem":true}
{"axioms":["propext"],"declaration":"FindimCounterexample.SelectionFinite.RelatorIndex.vv.injEq","module":"FindimCounterexample.SelectionFinitePresentation","theorem":true}
{"axioms":[],"declaration":"FindimCounterexample.SelectionFinite.RelatorIndex.torus_w_pair.inj","module":"FindimCounterexample.SelectionFinitePresentation","theorem":true}
{"axioms":["propext","Classical.choice","Quot.sound"],"declaration":"FindimCounterexample.Stage4a.Toda.DefiningSystem.mk","module":"FindimCounterexample.Stage4aToda","theorem":false}
{"axioms":["propext","Classical.choice","Quot.sound"],"declaration":"FindimCounterexample.ResolutionExt.ext_vanishing_iff","module":"FindimCounterexample.ResolutionExt","theorem":true}
{"axioms":["propext","Quot.sound"],"declaration":"FindimCounterexample.SelectionGroup.Relator.recOn","module":"FindimCounterexample.SelectionGroup","theorem":false}
{"axioms":["propext","Classical.choice","Quot.sound"],"declaration":"FindimCounterexample.Stage4a.Toda.DefiningSystem._sizeOf_inst","module":"FindimCounterexample.Stage4aToda","theorem":false}
{"axioms":["propext","Classical.choice","Quot.sound"],"declaration":"FindimCounterexample.Stage4a.TateDuality.composition_reindexed","module":"FindimCounterexample.Stage4aInterface","theorem":true}
{"axioms":["propext","Classical.choice","Quot.sound"],"declaration":"FindimCounterexample.SelectionGroup.z_mem_center","module":"FindimCounterexample.SelectionCentral","theorem":true}
{"axioms":["propext","Classical.choice","Quot.sound"],"declaration":"FindimCounterexample.StrongNakayama.cok","module":"FindimCounterexample.StrongNakayama","theorem":false}
{"axioms":[],"declaration":"FindimCounterexample.SelectionFinite.RelatorIndex.involution.inj","module":"FindimCounterexample.SelectionFinitePresentation","theorem":true}
{"axioms":["propext"],"declaration":"FindimCounterexample.SelectionFinite.RelatorIndex.wv.injEq","module":"FindimCounterexample.SelectionFinitePresentation","theorem":true}
{"axioms":["propext","Classical.choice","Quot.sound"],"declaration":"FindimCounterexample.FiniteQuotientRing.t.congr_simp","module":"FindimCounterexample.FiniteQuotientRing","theorem":true}
{"axioms":["propext","Classical.choice","Quot.sound"],"declaration":"FindimCounterexample.SelectionGroup.shiftHom._proof_2","module":"FindimCounterexample.SelectionShift","theorem":true}
{"axioms":[],"declaration":"FindimCounterexample.SelectionGroup.Root.v.inj","module":"FindimCounterexample.SelectionGroup","theorem":true}
{"axioms":[],"declaration":"FindimCounterexample.SelectionFinite.RelatorIndex.torus_v.sizeOf_spec","module":"FindimCounterexample.SelectionFinitePresentation","theorem":true}
{"axioms":["propext","Quot.sound"],"declaration":"FindimCounterexample.SelectionGroup.Relator.uu","module":"FindimCounterexample.SelectionGroup","theorem":false}
{"axioms":["propext","Classical.choice","Quot.sound"],"declaration":"FindimCounterexample.Stage4a.Toda.bracket_nonempty","module":"FindimCounterexample.Stage4aToda","theorem":true}
{"axioms":[],"declaration":"_private.FindimCounterexample.SelectionFiniteOrbits.0.FindimCounterexample.SelectionFinite.base.match_1.eq_3","module":"FindimCounterexample.SelectionFiniteOrbits","theorem":true}
{"axioms":["propext","Classical.choice","Quot.sound"],"declaration":"FindimCounterexample.SelectionFinite.family_wv","module":"FindimCounterexample.SelectionFiniteRelations","theorem":true}
{"axioms":["propext","Classical.choice","Quot.sound"],"declaration":"FindimCounterexample.FiniteQuotientRing.eq_zero_of_bounded_sum._simp_1_5","module":"FindimCounterexample.FiniteQuotientSeparation","theorem":true}
{"axioms":["propext","Classical.choice","Quot.sound"],"declaration":"FindimCounterexample.Stage3cOddDouble.complementDecomposition._proof_1","module":"FindimCounterexample.Stage3cOddDouble","theorem":true}
{"axioms":["propext"],"declaration":"FindimCounterexample.FiniteQuotients.ambientCoordinates._proof_2","module":"FindimCounterexample.FiniteQuotientCenter","theorem":true}
{"axioms":["propext","Classical.choice","Quot.sound"],"declaration":"FindimCounterexample.ProjectiveCoresolution.casesOn","module":"FindimCounterexample.Coresolution","theorem":false}
{"axioms":["propext","Quot.sound"],"declaration":"FindimCounterexample.RingDual.coordinate","module":"FindimCounterexample.Duality","theorem":false}
{"axioms":["propext","Classical.choice","Quot.sound"],"declaration":"FindimCounterexample.ModuleResolution.augmentation_f_zero","module":"FindimCounterexample.ModuleResolution","theorem":true}
{"axioms":[],"declaration":"FindimCounterexample.SelectionGroup.Generator.noConfusion","module":"FindimCounterexample.SelectionGroup","theorem":false}
{"axioms":["propext","Quot.sound"],"declaration":"FindimCounterexample.Stage4a.Cone.connecting._proof_2","module":"FindimCounterexample.Stage4aCone","theorem":true}
{"axioms":["propext","Classical.choice","Quot.sound"],"declaration":"FindimCounterexample.SelectionGroup.torus_conjugate_z","module":"FindimCounterexample.SelectionCentral","theorem":true}
{"axioms":[],"declaration":"FindimCounterexample.SelectionFinite.RelatorIndex.wv_transfer.inj","module":"FindimCounterexample.SelectionFinitePresentation","theorem":true}
{"axioms":["propext","Classical.choice","Quot.sound"],"declaration":"FindimCounterexample.FiniteQuotientRing.tPow_natCast","module":"FindimCounterexample.FiniteQuotientRing","theorem":true}
{"axioms":["propext","Classical.choice","Quot.sound"],"declaration":"FindimCounterexample.Stage4a.Cone.oneCone_finrank._proof_1_3","module":"FindimCounterexample.Stage4aCone","theorem":true}
{"declarations":1047,"modules":["FindimCounterexample.Coresolution","FindimCounterexample.Duality","FindimCounterexample.ExactCoresolution","FindimCounterexample.FiniteQuotientCenter","FindimCounterexample.FiniteQuotientRing","FindimCounterexample.FiniteQuotients","FindimCounterexample.FiniteQuotientSeparation","FindimCounterexample.MatrixTransvections","FindimCounterexample.ModuleResolution","FindimCounterexample.ModuleResolutionExt","FindimCounterexample.ResolutionExt","FindimCounterexample.SelectionCentral","FindimCounterexample.SelectionCommutator","FindimCounterexample.SelectionDirectSum","FindimCounterexample.SelectionFiniteOrbits","FindimCounterexample.SelectionFinitePresentation","FindimCounterexample.SelectionFiniteRelations","FindimCounterexample.SelectionGroup","FindimCounterexample.SelectionIndependence","FindimCounterexample.SelectionPresentation","FindimCounterexample.SelectionShift","FindimCounterexample.SelectionTorus","FindimCounterexample.Stage3cConeSplitting","FindimCounterexample.Stage3cFractions","FindimCounterexample.Stage3cKaroubi","FindimCounterexample.Stage3cOddDouble","FindimCounterexample.Stage4aCone","FindimCounterexample.Stage4aFactorization","FindimCounterexample.Stage4aHigherObstruction","FindimCounterexample.Stage4aInterface","FindimCounterexample.Stage4aObstruction","FindimCounterexample.Stage4aOneFactor","FindimCounterexample.Stage4aRank","FindimCounterexample.Stage4aShift","FindimCounterexample.Stage4aToda","FindimCounterexample.Stage4bExtinction","FindimCounterexample.Stage4bRankObstruction","FindimCounterexample.StrongNakayama","FindimCounterexample.StrongNakayamaExt","FindimCounterexample.Transpose","FindimCounterexample"],"theorems":736}
